,srv_desc,chrg_desc2
0, Angiography,['Procedure Charges']
1, CIRCUMCISION,['Procedure Charges' 'Surgery Charges']
2, Diffusion  Study,['M R I']
3, HB Electrophoresis ,['Special Test']
4, Lt - ureteric catheterisation ,['Surgery Charges']
5, MRI DORSAL SPINE WITH CERVICAL SPINE,['M R I']
6, PROSTATE ARTERY EMBOLISATION IN PBH HAEMATURIA,['Surgery Charges']
7, Rt - ureteric catheterisation ,['Surgery Charges']
8, Supramajor Chemo,['Chemotherapy']
9, TOTAL-THYROIDECTOMY,['Surgery Charges']
10, WHOLE ABDOMEN,['Ultrasonography']
11,10F ASD,['Cathlab Consumables']
12,24 HRS URINE PROTEIN,['Special Test']
13,24 HRS URINE SODIUM,['Special Test']
14,24 hrs urine VMA (Vanillymandellic a,['Special Test']
15,24hr urine copar,['Special Test']
16,24hrs Urine Creatinine,['Special Test']
17,2D ECHO,['Cardiology']
18,2D ECHO PORTABLE,['Cardiology']
19,2D ECHO Screening ,['Cardiology']
20,3D CT Ankle,['Ct Scan']
21,3D CT Calcaneum,['Ct Scan']
22,3D CT Chest,['Ct Scan']
23,3D CT Elbow,['Ct Scan']
24,3D CT Face,['Ct Scan']
25,3D CT Foot,['Ct Scan']
26,3D CT Hip,['Ct Scan']
27,3D CT Knee,['Ct Scan']
28,3D CT LEG PLAIN,['Ct Scan']
29,3D CT LS Spine,['Ct Scan']
30,3D CT Maxillo Facial Region ,['Ct Scan']
31,3D CT Pelvis Both Hip,['Ct Scan']
32,3D CT Sacrum Coccyx,['Ct Scan']
33,3D CT Shoulder,['Ct Scan']
34,3D CT Total Spine,['Ct Scan']
35,3D CT Wrist,['Ct Scan']
36,3D Cervical Spine,['Ct Scan']
37,3DCRT,['Radiotherapy']
38,3d CT D/L Spine,['Ct Scan']
39,4 Vessels cerebral angiography,['Surgery Charges']
40,8F ANGIOJET DVT,['Cathlab Consumables']
41,A - SCAN,['Procedure Charges']
42,A V FISTULA,['Procedure Charges']
43,ABBOTT VASCULAR ABSOLUTE PRO,['Cathlab Consumables']
44,ABDOMEN KUB,['XRay']
45,ABDOMEN PLAIN,['M R I']
46,ABDOMEN STANDING,['XRay']
47,ABDOMEN SUPINE & BLADDER,['XRay']
48,ABG,['Biochemistry']
49,ABG Extended,['Biochemistry']
50,ACE QUALITATIVE-RIVAARA,['Special Test']
51,ACE(Angiotensin converting Enzyme),['Special Test']
52,ACH RECEPTOR ANTIBODY (ACETYL CHOLINE),['Special Test']
53,ACID PROCEDURE ,['Procedure Charges']
54,ACL reconstruction ,['Orthopaedic Surgery' 'Surgery Charges']
55,ACLA IgG / IgM,['Special Test']
56,ACT TUBE BULB,['Equipment Charges']
57,ACTH (Adreno Corticotropic Hormone),['Special Test']
58,ACTIVATED PARTIAL THROMBOPLAST,['Biochemistry']
59,ADENOTONSILLECTOMY,['Surgery Charges']
60,ADH - Anti Diuretic Hormone,['Special Test']
61,ADMINISTRATION CHARGES,['Chemotherapy']
62,AEROBIC C/S,['Special Test']
63,AFB,['Special Test']
64,AFB C/S,['Special Test']
65,AFB SMEAR (Hinduja),['Special Test']
66,AFP - Alpha Feto Protein,['Special Test']
67,AIR BED,['Equipment Charges']
68,AIRBED AUTOLOGIC,['Equipment Charges']
69,ALK MUTATION STUDIES,['Special Test']
70,AMA (Anti Mitrochodrilal Antibody),['Special Test']
71,AMA (Anti Mitrochodrilal Antibody) M2,['Special Test']
72,AMH,['Special Test']
73,AMMONIA,['Biochemistry']
74,AMPUTATION BELOW ELBOW /KNEE,['Orthopaedic Surgery']
75,AMPUTATION OF DIGIT MULTIPLE,['Procedure Charges']
76,AMPUTATION OF DIGIT-SINGLE,['Orthopaedic Surgery']
77,ANA Blot Test,['Special Test']
78,ANA By IFA,['Special Test']
79,ANA Immunofloresence,['Special Test']
80,ANA Profile (serum),['Special Test']
81,ANA with Titre,['Special Test']
82,ANA(Anti nuclear antibody by EIA),['Special Test']
83,ANAL DILATATION,['Procedure Charges']
84,ANCA - MPO (P - ANCA),['Special Test']
85,ANCA - PR3 (C-ANCA),['Special Test']
86,ANCA-E(Anti MPO and Pr3),['Special Test']
87,ANEROBIC C/S,['Special Test']
88,ANESTHETIC CHARGE,['Surgery Charges' 'Radiotherapy']
89,ANGIOGRAPHY WITH ANGIOPLASTY,['Procedure Charges']
90,ANKLE,['M R I']
91,ANKLE AP/FOOT LAT,['XRay']
92,ANKLE FRACTURE -ORIF,['Surgery Charges']
93,ANKLE FRACTURE-ORIF ,['Orthopaedic Surgery']
94,ANTI GAD ANTIBODY,['Special Test']
95,ANTI HB CORE IgM,['Special Test']
96,ANTI HBS TITIRE,['Special Test']
97,ANTI HCV ELISA METHOD,['Special Test']
98,ANTI LKM,['Special Test']
99,ANTI PHOSPHOLIPID ANTIBODY,['Special Test']
100,AO Compression Procedures for Fracture Neck Femur,['Surgery Charges']
101,APEX BILE C/S,['Special Test']
102,APEX DIAGNOSTIC HISTOPATH,['Special Test']
103,APLA IgG/IgM,['Special Test']
104,APPENDICECTOMY,['Surgery Charges']
105,ARTERIAL LINE,['Procedure Charges']
106,ARTERIOVENOUS FISTULA FOR HAEMODIALYSIS,['Surgery Charges']
107,ARTHRODESIS-WRIST/ANKLE SUBTALAR,['Surgery Charges']
108,ARTHROSCOPIC DEBRAIDEMENT & SINOVECTOMY,['Orthopaedic Surgery']
109,ARTHROSCOPIC SURGERY,['Orthopaedic Surgery']
110,ARTHROSCOPIC SURGERY ( Other than ACL),['Surgery Charges']
111,ASCA IgG,['Special Test']
112,ASCA Iga,['Special Test']
113,ASD CLOSURE,['Procedure Charges']
114,ASD DEVICE,['Cathlab Consumables']
115,ASMA(Smooth muscle antibody),['Special Test']
116,ASO. TITRE,['Special Test']
117,ASPIRATION CATHETER,['Equipment Charges' 'Cathlab Consumables']
118,ASSISTANT CHARGE,['Surgery Charges']
119,ATA - Thyroglobulin Antibody,['Special Test']
120,AUR SUPRAPUBIC DRAINAGE (CYSTOSTOMY/VESICOSTOMY),['Surgery Charges']
121,AV FISTULA,['Surgery Charges']
122,AVR,['Procedure Charges']
123,Abandoned Angioplasty,['Cardiac Procedure ']
124,Abbott Emboshield NAV6 Embolic Protection System,['Surgery Charges']
125,Abbott Viatrac 0.014 Peripheral dilatation catheter,['Surgery Charges']
126,Abbott x-Act Carotid stent system,['Surgery Charges']
127,Abdomen,['XRay' 'Ultrasonography']
128,Abdomen & Pelvis (P & C),['Ct Scan']
129,Abdomen & Pelvis (Plain),['Ct Scan']
130,Abdomen & Pelvis 3 Phase (P & C),['Ct Scan']
131,Abdomen & Pelvis With Colonoscopy,['Ct Scan']
132,Abdomen ( AP/LAT),['XRay']
133,Abdomen KUB (Plain),['Ct Scan']
134,Abdomen KUB (Plain+Contrast),['Ct Scan']
135,Abdomen Lower - Pelvis (P & C),['Ct Scan']
136,Abdomen Upper (P & C),['Ct Scan']
137,Abdomen Upper (Plain),['Ct Scan']
138,Abdomen Urography (P & C),['Ct Scan']
139,Abdominal Angiography,['Ct Scan']
140,Absolute Eosinophils,['Haematology']
141,Absolute Neutrophils,['Haematology']
142,Acetone,['Special Test']
143,Acetylcholine Receptor Antibody,['Special Test']
144,Acetylcholinesterase(RBC)Opc Poisoning Blood,['Special Test']
145,Additional Surgery,['Orthopaedic Surgery']
146,Adenosine Deaminase (ADA),['Biochemistry']
147,Adjuvant Chemotherapy,['Chemotherapy']
148,Admission Charges,['Registration Charges']
149,After Mastectomy (Reconstruction) Mammoplasty,['Surgery Charges']
150,Albumin/creatinine ratio (spot urine,['Special Test']
151,Aldosterone,['Special Test']
152,Allergen-Aspergillus Fumigatus Serum,['Special Test']
153,Ambulance Charges,['Miscellaneous Charges']
154,Amputation above elbow / knee,['Surgery Charges']
155,Amputation of Fingers /Toes,['Surgery Charges']
156,Anaemia Profile (Mini),['Special Test']
157,Anaemia Profile (haemolytic anaemia),['Special Test']
158,Anaesthetist Charges,['Ct Scan' 'Procedure Charges']
159,Anaesthetist Fees,['General Surgery']
160,Anaesthetist Fees - Level 1,"['General Surgery' 'ENT Surgery' 'Opthalmology' 'Oncology'
 'Paediatric Surgery ']"
161,Anaesthetist Fees - Level 2,['General Surgery' 'Orthopaedic Surgery' 'Oncology']
162,Anaesthetist Fees - Level 2A,['General Surgery' 'ENT Surgery' 'UROLOGY AND  NEPHROLOGY' 'Oncology']
163,Anaesthetist Fees - Level 3,"['General Surgery' 'Orthopaedic Surgery' 'ENT Surgery'
 'UROLOGY AND  NEPHROLOGY' 'NeuroSurgery' 'OBSTETRICS & GYNE' 'Oncology'
 'Plastic Surgery ']"
164,Anaesthetist Fees - Level 4,"['General Surgery' 'Orthopaedic Surgery' 'UROLOGY AND  NEPHROLOGY'
 'NeuroSurgery' 'OBSTETRICS & GYNE' 'Oncology']"
165,Anaesthetist Fees - Level 4A,"['General Surgery' 'Orthopaedic Surgery' 'UROLOGY AND  NEPHROLOGY'
 'Oncology']"
166,Anaesthetist Fees - Level 5,['General Surgery' 'UROLOGY AND  NEPHROLOGY' 'NeuroSurgery' 'Oncology']
167,Anaesthetist Fees - Level 6,['Orthopaedic Surgery' 'Oncology']
168,Anaesthetist Fees - Level 7,['Orthopaedic Surgery' 'Oncology']
169,Anaesthetist Fees - Level 8,['Oncology' 'Orthopaedic Surgery']
170,Anal packing,['Procedure Charges']
171,Anemia Profile (maxi),['Special Test']
172,Anesthesia fees,['Surgery Charges']
173,Anesthesia fees - Grade I,['Surgery Charges']
174,Anesthesia fees - Grade II,['Surgery Charges']
175,Anesthesia fees - Grade III ,['Surgery Charges']
176,Anesthesia fees - Grade IV ,['Surgery Charges']
177,Anesthesia fees - Grade V ,['Surgery Charges']
178,Anesthesia fees - Grade V (Double Ureters),['Surgery Charges']
179,Anesthesia fees - Grade VI ,['Surgery Charges']
180,Aneurysm  Coiling,['Cardiac Procedure ']
181,Angio (One Part),['Ct Scan']
182,Angio Brain,['Ct Scan']
183,Angio Lower Limb,['Ct Scan']
184,Angio Of Abdomen,['Ct Scan']
185,Angio Upper Limb,['Ct Scan']
186,Angiography with Angioplasty,['Procedure Charges' 'Cardiac Procedure ']
187,Angiography with venogram ,['M R I']
188,Angiojet ultra  rent,['Equipment Charges']
189,Anterior Resection,['Surgery Charges']
190,Anterior Resection of rectum,['Surgery Charges']
191,Anti GBM Antibody,['Special Test']
192,Anti HBC Antibody IGM,['Special Test']
193,Anti HBS Level,['Special Test']
194,Anti HBcAg Antibody,['Special Test']
195,Anti HBeAg antibody,['Special Test']
196,Anti HbsAg Anti-Antibody,['Special Test']
197,Anti TPO antibodies,['Special Test']
198,Anti Thyroglobulin AntiBody,['Special Test']
199,Anti-Echinococcus Antibody IGG,['Special Test']
200,Aortagram,['Ct Scan']
201,Application of P.O.P Spices & Jackets,['Procedure Charges']
202,Arterial Color Doppler Of Both Femoral Arteries,['Ultrasonography']
203,Arterial Doppler,['Ultrasonography']
204,Arthrodesis of - Major Joints,['Procedure Charges']
205,Arthroscopic Meniscus Repair,['Orthopaedic Surgery']
206,Arthroscopic debridement and sinovectomy,['Procedure Charges' 'Surgery Charges']
207,Arthroscopy - Diagnostic,['Procedure Charges']
208,Ascitic Tapping,['Procedure Charges']
209,Aspiration Of Ascitis Fluid,['Procedure Charges']
210,Asst Surgeon (Bariatric Surgery),['Surgery Charges']
211,Asst Surgeon (Lap Chol),['Surgery Charges']
212,Asst Surgeon Fees - Level 1,['General Surgery' 'Oncology']
213,Asst Surgeon Fees - Level 2,['Oncology']
214,Asst Surgeon Fees - Level 2A,['ENT Surgery' 'Oncology']
215,Asst Surgeon Fees - Level 3,['Oncology']
216,Asst Surgeon Fees - Level 4,['General Surgery' 'Oncology']
217,Asst Surgeon Fees - Level 4A,['Oncology']
218,Asst Surgeon Fees - Level 5,['NeuroSurgery' 'Oncology']
219,Asst Surgeon Fees - Level 6,['Oncology']
220,Asst Surgeon Fees - Level 7,['Oncology']
221,Asst Surgeon Fees - Level 8,['Oncology']
222,Audiometry,['Procedure Charges']
223,Autograft Flap Reconstruction (Breast),['Surgery Charges']
224,Autoimmune Encephalitis Panel,['Special Test']
225,Axilary Dissection Alone (TMHBR007A),['Surgery Charges']
226,B D GLUCAN,['Special Test']
227,B/2 ORCHIDECTOMY,['Special Test']
228,B/L Inguinal Hernia Region,['Ultrasonography']
229,B/L Mastoid SCREINNG VIEW ,['XRay']
230,B/L Orchidectomy,['Surgery Charges']
231,B/L PCNL ,['Surgery Charges']
232,BAL CULTURE,['Special Test']
233,BAL ROUTINE,['Special Test']
234,BCR- ABL (PHILADELPHIA) t (9-22) BY FISH,['Special Test']
235,BERA,['Procedure Charges']
236,BETA 2 TRACEPROTIEN,['Special Test']
237,BICARBONATE,['Biochemistry']
238,BILATERAL KNEE STANDING AP/LAT,['XRay']
239,BILE C/S,['Special Test']
240,BILIARY STENT ,['OT Consumables']
241,BIOPSY,['Procedure Charges']
242,BIOPSY ,['Special Test']
243,BIOPSY + IHC (SMALL),['Special Test']
244,BIOPSY OPEN,['Surgery Charges']
245,BIOPSY SKIN,['Surgery Charges']
246,BIPAP MASK,['Equipment Charges']
247,BJ Protein (24Hrs),['Special Test']
248,BLADDER TUMOR TRANS URETHRAL ,['Surgery Charges']
249,BLEEDING TIME & CLOTTING TIME,['Haematology']
250,BLOOD CHARGES,['Equipment Charges']
251,BLOOD CULTURE & SENSITIVITY,['Special Test']
252,BLOOD GROUP & RH TYPE,['Haematology']
253,BLOOD SUGAR F/PP,['Biochemistry']
254,BLOOD UREA,['Biochemistry']
255,BMD,['Ct Scan']
256,BMV PROCEDURE,['Cardiac Procedure ']
257,BONE GRAFTING,['Orthopaedic Surgery' 'Procedure Charges' 'Surgery Charges']
258,BONE MARROW ASPIRATION,['Special Test' 'Procedure Charges']
259,BONE MARROW ASPIRATION (METRO),['Special Test']
260,BONE MARROW ASPIRATION KIT,['Equipment Charges']
261,BONE MARROW BIOPSY,['Procedure Charges']
262,BONE MARROW BIOPSY (METRO),['Special Test']
263,BONE MARROW BIOPSY CYTOLOGY DR CHANDRALEKHA,['Special Test']
264,BONE MARROW PROCEDURE CHARGES,['Procedure Charges']
265,BOTH CALCANEUM,['Procedure Charges']
266,BOTH FEET AP & LAT,['XRay']
267,BOTH FOOT AP/OBLIQUE,['XRay']
268,BOTH HAND + WRIST AP/LAT,['XRay']
269,BOTH HIP JOINTS AP(P.B.H),['XRay']
270,BOTH HUMERUS AP/LAT,['XRay']
271,BOTH KNEE AP LAT & STANDING,['XRay']
272,BOTH KNEE AP/LAT,['XRay']
273,BOTH KNEE STEROID PROCEDURE,['Procedure Charges']
274,BOTH LEG AP/LAT ,['XRay']
275,BRAF,['Special Test']
276,BRAIN (PLAIN +  CONTRAST),['M R I']
277,BRAIN PLAIN +CONTRAST +VENOGRAPHY,['M R I']
278,BRAIN VENOGRAM,['M R I']
279,BRAIN WITH ORBIT,['M R I']
280,BRCA 1&2,['Special Test']
281,BRONCHOSCOPY,['Procedure Charges']
282,BRONCHOSCOPY  WITH FB REMOVAL ,['Procedure Charges']
283,BRONCHOSCOPY GIIDED BIOPSY,['Surgery Charges']
284,BRONCHOSCOPY WITH BAL ,['Surgery Charges']
285,BRONCOSCOPY WITH TRANSBRONCHIAL LUNG BIOPSY,['Procedure Charges']
286,BUN,['Biochemistry']
287,Bacterial C/S,['Special Test']
288,Balloon Charges,['Stent & Balloon Charges']
289,Balloon Plasty,['Cardiac Procedure ']
290,Band Ligation of Oesophagel Varices,['Procedure Charges']
291,Bandage & Strappings for Fractures,['Procedure Charges']
292,Bard e luminexx vascular stent,['Cathlab Consumables']
293,Barium Swallow,['XRay']
294,Bed Charges,['Room Charges' 'Twin Sharing Bed-B']
295,Bed Charges Suite,['Room Charges Suite']
296,Below knee slab / craft,['Procedure Charges']
297,Beta 2 Microglobulin,['Special Test']
298,Beta D Glucon,['Special Test']
299,Beta HCG,['Special Test']
300,Beta-2-Glycoprotein-IgG,['Special Test']
301,Beta2 Glycoprotein  IgG,['Special Test']
302,Beta2 Glycoprotein IgM,['Special Test']
303,Bilateral Dj Stent Removal ,['Surgery Charges']
304,Bilateral Mammography,['XRay']
305,Bilateral PCN,['Procedure Charges']
306,Bilateral Shoulder AP/Lateral,['XRay']
307,Bio Medical Waste,['Miscellaneous Charges']
308,Biological 1,['Chemotherapy']
309,Biopsy,['Ct Scan']
310,Biopsy (LM + IF),['Special Test']
311,Biopsy - IF,['Special Test']
312,Biopsy EM,['Special Test']
313,Biopsy LM,['Special Test']
314,Biopsy of Bladder,['Surgery Charges']
315,Biopsy of Bladder (Cystoscopic),['Procedure Charges']
316,Bipap Charges,['Medical Gases']
317,Bladder Wash,['Procedure Charges']
318,Bladder clot evacuation,['Procedure Charges']
319,Blood Charges,['Blood Charges']
320,Blood Culture & Sensitivity (Anaerob,['Special Test']
321,Blood Culture & Sensitivity (Fungal),['Special Test']
322,Blood Transfusion,['Procedure Charges']
323,Bone Grafting for non union of small bones,['Surgery Charges']
324,Bone Lesion Biopsy,['Special Test']
325,Bone Marrow Aspiration,['Chemotherapy']
326,Bone Marrow Biopsy,['Special Test' 'Chemotherapy']
327,Bone Marrow cytology,['Special Test']
328,Both Ankle AP/LAT,['XRay']
329,Both Ankle Lat,['XRay']
330,Both Femorus Ap,['XRay']
331,Both Foot Ap Lat,['XRay']
332,Both Knees Skyline View,['XRay']
333,Both Lower Limb Arterial Doppler,['Ultrasonography']
334,Both Lower Limbs Venous Doppler,['Ultrasonography']
335,Both upper limb Arterial Doppler,['Ultrasonography']
336,Both upper limb venous Doppler,['Ultrasonography']
337,Brachial Plexus,['M R I']
338,Brachytherapy Procedure ,['Brachytherapy']
339,Brain,['Ct Scan']
340,Brain (Plain & Contrast),['Ct Scan']
341,Brain Perfusion SPECT Scan with Technetium 99m radiopharmac euticals,['M R I']
342,Brain With Angio,['M R I']
343,Brain With Maxilla (P & C),['Ct Scan']
344,Brain With Neck,['Ct Scan']
345,Brain With Neck (P & C),['Ct Scan']
346,Brain With Orbit,['Ct Scan']
347,Brain With PNS (P & C),['Ct Scan']
348,Brain with Contrast Spine Dorsolumbar,['M R I']
349,Breast Lumpectomy,['Surgery Charges']
350,Bronchoscopy,['Procedure Charges']
351,Broncoscopy ,['Surgery Charges']
352,Broncoscopy + Biopsy,['Procedure Charges']
353,Buccal / Mucosa composite resection/ comando,['Surgery Charges']
354,Buccal Muccosa wide excision peroral,['Surgery Charges']
355,Burr hole evacuation of chronic subdural haematoma,['Surgery Charges']
356,C ARM CHARGES,['Equipment Charges']
357,C- PEPTIDE,['Special Test']
358,C.B.C. (SRL),['Special Test']
359,C.P.K.,['Biochemistry']
360,C3,['Special Test']
361,C4,['Special Test']
362,CA - 15.3,['Special Test']
363,CA - 19.9,['Special Test']
364,CA -125,['Special Test']
365,CA 72.4,['Special Test']
366,CA-125,['Special Test']
367,CABG,['Procedure Charges' 'Surgery Charges']
368,CABG+VALVE,['Surgery Charges']
369,CALCANEUM AP/LATERAL,['XRay']
370,CALCENEAL FRACTURE WITH PLATES,['Procedure Charges']
371,CARDIAC PET SCAN,['PET Scan']
372,CATARACT,['Procedure Charges' 'Surgery Charges']
373,CATHETER INFUSION ,['Cathlab Consumables']
374,CCP,['Special Test']
375,CD 19 COUNT,['Special Test']
376,CD4 CD8 Ratio,['Special Test']
377,CD4 count,['Special Test']
378,CD8 count,['Special Test']
379,CEA,['Special Test']
380,CECT FACE,['Ct Scan']
381,CENTRAL LINE,['Procedure Charges']
382,CERVICAL FLEX/EXETNTION,['XRay']
383,CERVICAL LYMPH NODE BIOPSY ,['Surgery Charges']
384,CERVICAL SPINE AP/LAT,['XRay']
385,CERVICAL SPINE WITH SCREENING ,['M R I']
386,CERVICAL SPINE WITH WHOLE SPINE AND BRAIN SCREENING,['M R I']
387,CHEACK ANGIO ,['Cardiac Procedure ']
388,CHEAK DSA ,['Procedure Charges']
389,CHECK CORONARY ANGIOGRAPHY,['Cardiac Procedure ']
390,CHEMO PORT INSERTION ,['Procedure Charges' 'Surgery Charges']
391,CHEMOPORT REMOVAL,['Procedure Charges' 'Surgery Charges']
392,CHEMOTHERAPY PROTOCOL,['Chemotherapy']
393,CHEST A.P ,['XRay']
394,CHEST LATEARL,['XRay']
395,CHEST PA,['XRay']
396,CHEST PORTABLE,['XRay']
397,CHEST WALL RESECTION,['Surgery Charges']
398,CHOLECYSTECTOMY,['Procedure Charges']
399,CHYLOMICRONS,['Special Test']
400,CK - MB,['Biochemistry']
401,CLL GENE PANEL (METRO),['Special Test']
402,CLOSE REDUCTION OF FRACTURES/ DISLOCATION ,['Orthopaedic Surgery']
403,CLW,['Procedure Charges']
404,CMV - IgG,['Special Test']
405,CMV PCR (TISSUE),['Special Test']
406,CMV QUANTITAVE VIRAL LOAD,['Special Test']
407,CMV-DNA QUANTIFICATION,['Special Test']
408,CO-ABLATOR,['Equipment Charges']
409,COBALATOR CHARGES,['Equipment Charges']
410,COCOON ACCESSORY SHEATH ,['Cathlab Consumables']
411,COIL,['Cathlab Consumables']
412,COLONOSCOPY + OGD SCOPY,['Procedure Charges']
413,COLONOSCOPY + POLYPECTOMY,['Procedure Charges']
414,COLORECTAL CANCER PROFILE,['Special Test']
415,COLOSTOMY,['Surgery Charges']
416,COLOSTOMY CLOSURE,['Surgery Charges']
417,COMPLETE HEAMOGRAM (C.B.C.),['Haematology']
418,COMPREHENSIVE MYELOMA PANEL 5040M,['Special Test']
419,CONTRAST,['Cathlab Consumables']
420,CORE DECOMPRESSION IMPLANT ,['Implant Charges']
421,CORONARY ANGIOGRAM,['Ct Scan']
422,CORONARY ANGIOGRAPHY,['Procedure Charges']
423,CORONARY ANGIOPLASTY,['Procedure Charges']
424,CORONARY ANGIOPLASTY WITH BALLOON,['Procedure Charges']
425,CORRECTIVE OSTEOTOMY & INTERNAL FIXATION,['Surgery Charges']
426,COVID - 19,['Special Test']
427,COVID - 19 ICU Package,['Covid Package']
428,COVID - 19 ICU Ventilator Package,['Covid Package']
429,COVID - 19 Sharing Bed Room Package,['Covid Package']
430,COVID - 19 Single Room Package,['Covid Package']
431,COVID - 19 Suite Room Package,['Covid Package']
432,COVID - 19 Twin Sharing Room Package,['Covid Package']
433,COVID 19 H1N1 H3N2,['Special Test']
434,CRANIOPLASY,['Surgery Charges']
435,CRANIOTOMY,['Procedure Charges']
436,CRANIOTOMY -  Grade VI ,['Surgery Charges']
437,CRP (Quantitative),['Serology']
438,CRP-HS,['Special Test']
439,CRYO,['Blood Charges']
440,CSF - ROUTINE,['Microbiology']
441,CSF C/S,['Special Test']
442,CSF Cytology,['Special Test']
443,CSF FLOW CYTOMETRY,['Special Test']
444,CSF FLOW STUDY,['M R I']
445,CSF TAPPING CHARGES,['Procedure Charges']
446,CSF for INDIA Ink Examination,['Special Test']
447,CT ANGIOGRAPHY BOTH LOWER LIMB,['Ct Scan']
448,CT FACE,['Ct Scan']
449,CT GASTROGRAPHY,['Ct Scan']
450,CT GUIDED ASPIRATION,['Ct Scan']
451,CT GUIDED LIVER BIOPSY,['Ct Scan']
452,CT Guided Biopsy,['Ct Scan']
453,CT LOWER LIMB VENOGRAPHY,['Ct Scan']
454,CT P.N.S,['Ct Scan']
455,CT P.N.S (P & C),['Ct Scan']
456,CT Whole Spine,['Ct Scan']
457,CULTURE SENSITIVITY,['Special Test']
458,CUTTING BALLOON,['Stent & Balloon Charges']
459,CVP TIP C/S,['Special Test']
460,CYSTOLITHOLAPAXY,['Surgery Charges']
461,CYSTOSCOPY ,['Surgery Charges']
462,CYSTOSCOPY AND BILATERAL DJ STENTING ,['Surgery Charges']
463,CYSTOSCOPY URS WITH DJ STENTING (UNILATERAL),['Procedure Charges']
464,CYSTOSCOPY URS WITH DJ STENTING B/L,['Surgery Charges']
465,CYSTOSCOPY URS WITH DJ STENTING U/L,['Surgery Charges']
466,CYSTOSCOPY WITH BLADDER BIOPSY,['Surgery Charges']
467,CYTO GENETIC FOR CLL,['Special Test']
468,CYTOLOGY (ANITA BORGES),['Special Test']
469,Calcitonin,['Special Test']
470,Calcium Spot Urine,['Special Test']
471,Calprotectin (stool),['Special Test']
472,Carbamazepine ( tegretol ),['Special Test']
473,Cardiolipin Antibody IgG,['Special Test']
474,Cardiolipin Antibody IgM,['Special Test']
475,Cardiology Fees,['Procedure Charges']
476,Cardioversion,['Procedure Charges']
477,Carotid And Vertebral Color Doppler Study,['Ultrasonography']
478,Carotid Doppler B/L,['Ultrasonography']
479,Carotid Doppler Single,['Ultrasonography']
480,Carpel Tunnel Release-Unilateral,['Surgery Charges']
481,Cath-lab Table Charges,['Procedure Charges']
482,Catheter,['Cathlab Consumables']
483,Catheterisation,['Procedure Charges']
484,Cathlab Consumables,['Cathlab Consumables']
485,Central Line Tip C/S,['Special Test']
486,Ceruloplasmin ( Copper Oxidase,['Special Test']
487,Cervical Spine Plain,['Ct Scan']
488,Chemo Port ,['Implant Charges']
489,Chemo Port Facility,['Procedure Charges']
490,Chemotherapy Charges,['Chemotherapy']
491,Chest,['Ultrasonography']
492,Chest & Upper Abdomen,['Ct Scan']
493,Chest & Upper Abdomen (P & C),['Ct Scan']
494,Chest (P & C),['Ct Scan']
495,Chest (Plain),['Ct Scan']
496,Chest Abdomen & Pelvis (P & C),['Ct Scan']
497,Chest Abdomen & Pelvis (Plain),['Ct Scan']
498,Chest+Abdomen+Pelvis ( P &C),['Ct Scan']
499,Chikungunya IgM,['Special Test']
500,Chikungunya Test,['Special Test']
501,Cholangiography,['Procedure Charges']
502,Cholinesterase,['Special Test']
503,Chromogranin A Level,['Special Test']
504,Cisternography Brain,['Ct Scan']
505,Close Reduction Fixation And Cast,['Procedure Charges']
506,Close ReductionOf Dislocations,['Surgery Charges']
507,Clostridium Difficile Toxin A & B,['Special Test']
508,Coagulation Panel,['Special Test']
509,Coblator Machine Charges,['Equipment Charges']
510,Coil Embolization Charges,['Procedure Charges']
511,Colonoscopy,['Procedure Charges']
512,Colonoscopy + Biopsy,['Procedure Charges']
513,Complete Myloema Protien Pannel,['Special Test']
514,Complex Coronary Angioplasty,['Cardiac Procedure ']
515,Concurrent Chemoradiation,['Chemotherapy']
516,Consumable,['Consumables']
517,Contrast,['Ct Scan']
518,Conventional >20,['Radiotherapy']
519,Conventional<20,['Radiotherapy']
520,Coronary Angiography,['Ct Scan' 'Cardiac Procedure ']
521,Coronary Angioplasty,['Cardiac Procedure ']
522,Coronary Angioplasty With Balloon,['Procedure Charges']
523,Cortisol,['Special Test']
524,Covid Antibody Test,['Special Test']
525,Covid Antibody Test (IGg),['Special Test']
526,Covid Antibody to Spike Protein,['Special Test']
527,Covid Antigen,['Special Test']
528,Creatinine Clearance Test,['Special Test']
529,Crp Qualitative,['Biochemistry']
530,Cryptococcus Antigen,['Special Test']
531,Cryptola Antigen,['Special Test']
532,Culture for Mycobacterium (Except TB),['Special Test']
533,Custom Tubbing Tack,['OT Consumables']
534,Cyst and Tumour Mandible By enucleation /excision,['Surgery Charges']
535,Cysticercosis (microbiology),['Special Test']
536,Cystography,['XRay']
537,Cystoscopy,['Procedure Charges']
538,Cystoscopy with Freuloplasty,['Procedure Charges']
539,Cystoscopy with Retrograde Catheter - Bilateral /RGP,['Surgery Charges']
540,Cystoscopy with Retrograde Catheter - Bilateral /RGP (Double Ureters),['Surgery Charges']
541,Cystoscopy with Retrograde Catheter -Unilateral /RGP,['Procedure Charges' 'Surgery Charges']
542,Cystoscopy with Retrograde Pyetograpy(RGP),['Surgery Charges']
543,Cystoscopy+URS,['Surgery Charges']
544,Cytogenetic (Conventional Karyotyping),['Special Test']
545,Cytology for Malignant cells,['Special Test']
546,D & C,['Procedure Charges']
547,D & C and Cervical Biopsy,['Procedure Charges']
548,D. Dimer QUANTITATIVE,['Biochemistry']
549,DC SHOCK,['Procedure Charges']
550,DEB BALLOON CHARGES ,['Stent & Balloon Charges']
551,DEBRIDEMENT OF LARGE WOUND,['Procedure Charges']
552,DEBRIDEMENT OF SMALL WOUND,['Surgery Charges']
553,DEBRIDEMENT OF WOUNDS ,['Surgery Charges']
554,DECMPRESSION,['Procedure Charges']
555,DEFECOGRAM,['M R I']
556,DEIBTIER,['Procedure Charges']
557,DENGUE BY RNA PCR METHOD,['Special Test']
558,DENGUE IgM ( Elisa ),['Special Test']
559,DENGUE NS1 ANTIGEN (Elisa Method),['Special Test']
560,DENGUE NS1 Antigen,['Serology']
561,DEPRESSED FRACTURE,['Procedure Charges']
562,DHEAS - DehydroeplAndrostene,['Special Test']
563,DIAGNOSTIC CYSTOSCOPY,['Surgery Charges']
564,DIAGNOSTIC ENDOSCOPY UNDER GA,['Surgery Charges']
565,DIALYSIS CATHETER,['Dialysis Charges']
566,DILATATION AND CURETTAGE (D & C),['Surgery Charges']
567,DIRECT COOMB TEST,['Special Test']
568,DIRECT STENTING,['Procedure Charges']
569,DISECTOMY,['Orthopaedic Surgery']
570,DJ STENT FOR C/S,['Special Test']
571,DJ Stent Removal,['Procedure Charges' 'Surgery Charges']
572,DJ Stenting,['Procedure Charges' 'Surgery Charges']
573,DL SCOPY WITH BIOPSY,['Procedure Charges']
574,DMD Genetic Test,['Special Test']
575,DNE PROCEDURE,['Procedure Charges']
576,DOBUTAMINE STRESS TEST,['Cardiology']
577,DOPPLER CHEST,['Ultrasonography']
578,DORSAL SPINE AP/LAT,['XRay']
579,DORSAL SPINE LAT,['XRay']
580,DOUBLE LUMEN SUB CLAVIAN CATHETER,['Procedure Charges']
581,DR ASAWARI AMBEKAR FROZEN SAMPLE,['Special Test']
582,DR ASAWARI AMBEKAR HISTOPATH,['Special Test']
583,DR SWATI NARULKAR FROZEN SAMPLE,['Special Test']
584,DR SWATI NARULKAR FROZEN/HISTOPATH,['Special Test']
585,DRAINAGE OF ABSCESS,['Procedure Charges']
586,DRUG COATED BALLOON,['Stent & Balloon Charges']
587,DSA,['Procedure Charges']
588,DSA  Cerebral arteries,['Surgery Charges']
589,DSA (VENOGRAM),['Procedure Charges']
590,Debridement,['Procedure Charges']
591,Decannulation Tracheotomy Tube,['Procedure Charges']
592,Dengue IgG,['Serology']
593,Dengue IgG & IgM Elisa,['Special Test']
594,Dengue IgG / IgM,['Serology']
595,Dengue IgM,['Serology']
596,Dengue Profile Quantitative,['Special Test']
597,Dentist Visit,['IPD Visit Charges']
598,Diagnostic Catheter,['Cathlab Consumables']
599,Diagnostic Curettage,['Procedure Charges']
600,Diagnostic Curettage Sr No-616,['Procedure Charges']
601,Diagnostic cystoscopy,['Surgery Charges']
602,Diagnosticcystoscopy,['Procedure Charges']
603,Dialysis,['Dialysis Charges']
604,Dialysis femoral catheterisation bileteral,['Procedure Charges']
605,Diaphragmatic hernia repair ,['Surgery Charges']
606,Diet Charges,['Diet & Dietician Charges']
607,Dietician Visit,['IPD Visit Charges']
608,Digital Subtraction Angiography (DSA),['Surgery Charges']
609,Digoxin,['Special Test']
610,Dihydroepiandrostenedione(DHEA),['Special Test']
611,Dihydropyrimidine Dehydrogenase Mutation,['Special Test']
612,Dilation and curettage (d & c),['Surgery Charges']
613,Direct laryngoscopy including biopsy UNDER GA,['Surgery Charges']
614,Dix Halpike Manoeuvre,['Procedure Charges']
615,Doppler,['Ultrasonography']
616,Dorsal Lumber Spine Ap/Lat,['XRay']
617,Dorsal Spine with Screening of Whole Spine,['Ct Scan']
618,Dragenfly Optis OCT Catheter,['Cathlab Consumables']
619,Drain Removal,['Procedure Charges']
620,Dressing,['Procedure Charges']
621,Dressing Charges Large,['Procedure Charges']
622,Dressing Charges Small,['Procedure Charges']
623,Dressing Charges medium,['Procedure Charges']
624,Drug Sensitivity,['Special Test']
625,Ds DNA Qualitative,['Special Test']
626,Ds DNA Quantitative,['Special Test']
627,Dsa Pheripheral Artery ,['Surgery Charges']
628,Dtpa Renal Scan,['Ct Scan']
629,E.T Secretion for Fungal Culture,['Special Test']
630,E.T TUBE CHANGE,['Procedure Charges']
631,E.T secretion for C/S,['Special Test']
632,EBV IgM,['Special Test']
633,EBV IgM (VCA),['Special Test']
634,EBV QUANTITATIVE VIRAL LOAD,['Special Test']
635,ECG,['Cardiology']
636,EEG,['Procedure Charges']
637,EGFR (MUTATION),['Special Test']
638,EGFR (PLAIN),['Special Test']
639,EGFR on cell block,['Special Test']
640,EMERGENCY CHARGES,['Procedure Charges' 'Cardiac Procedure ' 'Surgery Charges']
641,EMG + NCV,['Procedure Charges']
642,EMV,['M R I']
643,ENA Profile,['Special Test']
644,ENDOSCOPIC SPHINECTEROTOMY,['Surgery Charges']
645,ENDOSCOPY,['Procedure Charges']
646,ENDOVASCULAR PROCEDURE,['Procedure Charges']
647,ENSEAL ,['Equipment Charges']
648,ENTAMOEBA HISTOLYTICAL IGG,['Special Test']
649,ENTERNAL STENTING,['Surgery Charges']
650,EP STUDY AND RF ABLATION,['Cardiac Procedure ']
651,EP Study,['Procedure Charges']
652,EPIC ,['Stent & Balloon Charges']
653,EPIC STENT ,['Stent & Balloon Charges']
654,EPS AND RFA,['Procedure Charges']
655,EPTOIN (TROUGH LEVEL),['Special Test']
656,EQUIPMENT CHARGES,['Equipment Charges']
657,ER / PR  HER 2 NEW KI67,['Special Test']
658,ER PR + HER2NEU,['Histopathology']
659,ER and PR,['Special Test']
660,ERCP,['Procedure Charges' 'Surgery Charges']
661,ERCP CONSUMBLE ,['OT Consumables']
662,ERYTHROPOEITIN -serum,['Special Test']
663,ERYTHROPOININ  (EPO),['Special Test']
664,ESO-Manometry,['Procedure Charges']
665,ESR,['Haematology']
666,ESWL,['Surgery Charges']
667,EUA,['Surgery Charges']
668,EXCISION LIGATION PILES,['Procedure Charges']
669,EXCISION OF CYST,['Procedure Charges']
670,EXCISION OF THYROGLOSSAL CYST/FISTULA ,['Surgery Charges']
671,EYE TEST,['Procedure Charges']
672,Elbow,['Ct Scan']
673,Electrophysiological,['Cardiac Procedure ']
674,Embolization,['Procedure Charges']
675,Emergency Charges,['General Surgery' 'Surgery Charges']
676,Emergency Coronary Angiography,['Procedure Charges' 'Cardiac Procedure ']
677,Emergency Coronary Angioplasty,['Procedure Charges' 'Cardiac Procedure ']
678,Emergency X Ray Charges,['XRay']
679,Endovascular Intervention For Salvaging Hemodialysis AV Fistula,['Surgery Charges']
680,Endovascular Procedure,['Surgery Charges']
681,Epidural Injection,['Procedure Charges']
682,Epidural catheterization,['Procedure Charges']
683,Epleys Manoeuvre,['Procedure Charges']
684,Epstein Barr Virus (EBV) IgG,['Special Test']
685,Eptoin (Phenytoin),['Special Test']
686,Esophagoscopy,['Procedure Charges']
687,Estlander,['Surgery Charges']
688,Estradial (E2),['Special Test']
689,Examination under Anesthesia,['Surgery Charges']
690,Examition under aesthesia,['Procedure Charges']
691,Excision of pilonidal sinus with primary closure,['Surgery Charges']
692,Exploration & Suturing Of Large Wound,['Procedure Charges']
693,Exploratory Laprotomy ,['Surgery Charges']
694,"Extremities,bone & Joints AP & Lateral Views ",['XRay']
695,F 18 - Bone Scan,['PET Scan']
696,FACE AND NECK (PLAIN + CONTRAST),['Ct Scan']
697,FACIOTOMY,['Procedure Charges']
698,FASTING BLOOD GLUCOSE,['Biochemistry']
699,FDP,['Special Test']
700,FECAL CALPROTIN,['Special Test']
701,FEES,['Surgery Charges' 'Procedure Charges']
702,FEES WITH SEPTOPLASTY,['Procedure Charges']
703,FEMORAL CAROTID DOPPLER B/L,['Ultrasonography']
704,FEMORAL SHEET,['Cathlab Consumables']
705,FEMROL LINE,['Procedure Charges']
706,FEMUR AP/LATERAL,['XRay']
707,FESS,['Surgery Charges' 'Procedure Charges']
708,FESS with Septoplasty & turbinectomy or polypectomy/conchoplasty - Bilateral,['Procedure Charges' 'Surgery Charges']
709,FESS with Septoplasty & turbinectomy or polypectomy/conchoplasty - Unilateral,['Surgery Charges']
710,FEVER PANEL-SURE PYROX(RIVAARA),['Special Test']
711,FEVER PROFILE,['Special Test']
712,FFP Charges,['Blood Charges']
713,FFR WIRE,['Cathlab Consumables']
714,FINE CROSS MICRO CATHETER,['Cathlab Consumables']
715,FISH FOR BCR- ABL,['Special Test']
716,FISH FOR CLL (METRO),['Special Test']
717,FISH FOR EOSINOPHILIA PANNEL,['Special Test']
718,FISH for multiple myeloma,['Special Test']
719,FISSURECTOMY + FISSURE DILATATION ,['Procedure Charges']
720,FISSURECTOMY AND FISSURE DILATATION ,['Surgery Charges']
721,FISTULA,['Procedure Charges']
722,FISTULOGRAM,['M R I']
723,FLAP RECONSTRUCTIVE SURGERY,['Surgery Charges']
724,FLEXIBLE URS + HOLMIUM LASER LITHOTRIPSY+STENT,['Surgery Charges']
725,FLOWTRON MACHINE,['Procedure Charges']
726,FLOWTRON PUMP,['Equipment Charges']
727,FLUID - ROUTINE,['Microbiology']
728,FLUID C/S,['Special Test']
729,FLUID FOR BILLIRUBIN,['Biochemistry']
730,FLUID FOR CHOLESTEROL,['Special Test']
731,FLUID FOR CHYLOMICRONS,['Special Test']
732,FLUID FOR GENE-XPERT,['Special Test']
733,FLUID FOR PROTEIN,['Special Test']
734,FLUID FOR SAAG ,['Special Test']
735,FLUID FOR SUGAR,['Special Test']
736,FLUID FOR TRIGLYCERIDE,['Special Test']
737,FNAC,['Histopathology' 'Ct Scan' 'Procedure Charges']
738,FNAC > 4 SLIDES,['Special Test']
739,FNAC CYTOLOGY (8 SLIDES),['Special Test']
740,FNAC REVIEW (2 SLIDE),['Special Test']
741,FOLEYS CATHETER,['Procedure Charges']
742,FOLYS TIP C/S,['Special Test']
743,FOOT,['M R I']
744,FRACTURE NECK FEMUR,['Orthopaedic Surgery']
745,FROG LEG LAT,['XRay']
746,FROG LINE VIEW ,['XRay']
747,FROZEN FOR IHC (BHOSALE LAB),['Special Test']
748,FROZEN SAMPLE (DR. KIRAN THORAT),['Special Test']
749,FROZEN SAMPLE DR DIVYANSHU,['Special Test']
750,FROZEN SECTION,['Special Test']
751,FSH,['Special Test']
752,FT3 FT4 TSH,['Special Test']
753,FT4,['Special Test']
754,FUILD  FOR  LACTATE DEHYDROGENASE (LDH),['Special Test']
755,FUNGAL C/S (CSF),['Special Test']
756,FUNGI QUICK,['Special Test']
757,FXILARY DISSECTION ALON (TMBR007),['Surgery Charges']
758,Factor IX Activity,['Special Test']
759,Factor V Leiden Mutant,['Special Test']
760,Factor VIII Activity,['Special Test']
761,Fandoscopy,['Procedure Charges']
762,Femoral Nerve block,['Procedure Charges']
763,Femur Ap,['XRay']
764,Femur Shaft Fracture- Proximal/MIddle/DIstal,['Surgery Charges']
765,Ferritin,['Special Test']
766,Fess For ethmoidal polyp,['Procedure Charges']
767,Fiber Optic Cable,['Cathlab Consumables']
768,Fiber Optic intubation,['Procedure Charges']
769,Fiberoptic  Intubation,['Procedure Charges']
770,Fiberoptic endoscopic evaluation of swallowing (FEES),['Procedure Charges']
771,Fibneoptic larengoscopy,['Procedure Charges']
772,Fibreopic Examination Of larynx,['Surgery Charges']
773,Fibrinogen,['Special Test']
774,Filaria Antigen,['Special Test']
775,Fissure in Ano with interl sphinctrectomy with fissurectomy.,['Procedure Charges']
776,Fissure in Ano with internal sphinectrectomy with fissurectomy ,['Surgery Charges']
777,Fissurectomy,['Procedure Charges' 'Surgery Charges']
778,Fissurectomy with Sphincterotomy,['Procedure Charges']
779,Fistula - High Fistulectomy,['Surgery Charges']
780,Fistulectomy,['Surgery Charges']
781,Flexible Endoscopy,['Procedure Charges']
782,Flexible Sigmoidoscopy With Biopsy,['Procedure Charges']
783,Flow cytometry Leukemia,['Special Test']
784,Fluid Albumin,['Biochemistry']
785,Fluid Creatinine,['Special Test']
786,Fluid Cyto Cell Block,['Special Test']
787,Fluid Cytology,['Special Test']
788,Fluid Electrolytes,['Special Test']
789,Fluid For Amylase,['Special Test']
790,Fluid For Bile Salt And Bile Pigment,['Special Test']
791,Fluid For LDH,['Special Test']
792,Fluid For MGIT,['Special Test']
793,Fluid cytology for dr kiran thorat,['Special Test']
794,Fluid for AFB,['Special Test']
795,Fluid for Albumin,['Haematology']
796,Fluid for Amylase,['Haematology']
797,Fluid for Anaerobic Culture,['Special Test']
798,Fluid for LDH,['Haematology']
799,Fluid for Lipase,['Haematology']
800,Foleys tip for C/S,['Special Test']
801,Folic Acid,['Special Test']
802,Foot AP,['XRay']
803,Foot Ap/Lat,['XRay']
804,Fracture Left orbital repair ,['Procedure Charges']
805,Fracture Right orbital repair ,['Procedure Charges']
806,Free Lamda ( Light chain ),['Special Test']
807,Free Light Chain Assay Kappa And Lambda,['Special Test']
808,Free T3,['Special Test']
809,Free T4,['Special Test']
810,Frenuloplasty,['Surgery Charges']
811,Frozen Section + Histopath,['Special Test']
812,Frozen Section + Histopath + IHC,['Special Test']
813,Fungal C/S,['Special Test']
814,Fungal C/S (sputum),['Special Test']
815,Fungal Culture (blood),['Special Test']
816,Fungal Stain,['Special Test']
817,G6PD,['Haematology']
818,G6PD Quantitative,['Haematology']
819,GAD Antibodies,['Special Test']
820,GALACTOMANNAN,['Special Test']
821,GASTROJEJUNOTOMY,['Surgery Charges']
822,GASTROSCOPY,['Procedure Charges' 'Surgery Charges']
823,GGTP,['Biochemistry']
824,GLUCOSE TOLERANCE TEST,['Biochemistry']
825,GLYCOSYLATED HAEMOGLOBIN,['Haematology']
826,GRADE 6,['Surgery Charges']
827,GRADE II,['Surgery Charges']
828,GRADE IX,['Surgery Charges']
829,GRADE V,['General Surgery' 'Surgery Charges']
830,GRADE VIII,['Surgery Charges']
831,GRAM STAIN,['Special Test']
832,GST 5,['GST Charge']
833,GUIDE CATHETER,['Cathlab Consumables']
834,GUIDE WIRE,['Cathlab Consumables']
835,GUIDED FNAC,['Ultrasonography']
836,GUIDED PLEURAL FLUID TAPPING,['Ultrasonography']
837,GUIDING SHEATH,['Cathlab Consumables']
838,"Galactomannan,Aspergillus",['Special Test']
839,Gastric Swallow Balloon,['Procedure Charges']
840,Gastro - Jejunostomy,['Surgery Charges']
841,Grade 1,['Surgery Charges']
842,Grade 2,['Surgery Charges']
843,Grade 2A,['Surgery Charges']
844,Grade 3,['Surgery Charges']
845,Grade 4,['Surgery Charges']
846,Grade 4A,['Surgery Charges']
847,Grade 5,['Surgery Charges']
848,Grade 7,['Surgery Charges']
849,Grade 8,['Surgery Charges']
850,Grade 9 ,['Surgery Charges']
851,Grade I,['Surgery Charges']
852,Grade III,['Surgery Charges']
853,Grade IV,['Surgery Charges']
854,Grade VI,['Surgery Charges']
855,Grade VII,['Surgery Charges']
856,Growth Hormone,['Special Test']
857,H1N1,['Special Test']
858,HAEMOGLOBIN,['Haematology']
859,HAND OR FOOT FRACTURES -WITH ,['Orthopaedic Surgery']
860,HAV IgG,['Special Test']
861,HAV IgM,['Special Test']
862,HBSag Viral Load ,['Special Test']
863,HBV - DNA QUANTITATIVE,['Special Test']
864,HBV DNA Quantification(viral load),['Special Test']
865,HBcAb - igM,['Special Test']
866,HBeAg- Hepatitis B Envelope Antigen,['Special Test']
867,HBsAG CLIA METHOD,['Special Test']
868,HBsAg,['Serology']
869,HBsAg ( Qunatitative),['Special Test']
870,HBsAg (SPOT),['Serology']
871,HBsAg BY CMIA METHOD,['Special Test']
872,HCV,['Serology']
873,HCV BY CMIA METHOD,['Special Test']
874,HCV CLIA METHOD,['Special Test']
875,HCV IgG,['Special Test']
876,HCV IgM,['Special Test']
877,HCV RNA PCR QUANTITATIVE,['Special Test']
878,HCV Viral load (Quantitative),['Special Test']
879,HD CATHETER,['Dialysis Charges']
880,HE4,['Special Test']
881,HEAMORRHOIDECTOMY ,['Procedure Charges' 'Surgery Charges']
882,HEAVY METAL SCREENING BLOOD,['Special Test']
883,HELMET CHARGES,['Equipment Charges']
884,HEMIARTHROPLASTY,['Orthopaedic Surgery']
885,HEMICOLECTOMY,['Surgery Charges']
886,HEMOCLIP,['Instrument Charges']
887,HEOSTOMY CLOSURE,['Surgery Charges']
888,HEPATITIS B SURFACE ANTIBODY (anti Hbs),['Special Test']
889,HER 2 NEW RECEPTOR,['Special Test']
890,HER-2 NEW,['Special Test']
891,HER-2/Neu (C-Er-B2),['Special Test']
892,HER2 BY FISH METHOD,['Histopathology']
893,HEREDITORY CANCER PANEL (GERMLINE),['Special Test']
894,HERNIOPLASTY INGUINAL B/L,['Procedure Charges']
895,HERPES II IGG & IGM ANTIBODIES,['Special Test']
896,HEV IgG,['Special Test']
897,HEV IgM,['Special Test']
898,HFN,['Medical Gases']
899,HGT,['Procedure Charges']
900,HIGH FISTULECTOMY,['Procedure Charges']
901,HIP AP/LATERAL,['XRay']
902,HIP JOINTS AP/LAT,['XRay']
903,HIP LATERAL,['XRay']
904,HIP REPLACEMENT - U/L ,['Orthopaedic Surgery']
905,HISTOPATH (DR. KIRAN THORAT),['Special Test']
906,HISTOPATH (SP),['Special Test']
907,HISTOPATH (small),['Special Test']
908,HISTOPATH DR KIRAN THORAT,['Special Test']
909,HISTOPATH EXTRA LARGE( ANITA BORGES),['Special Test']
910,HISTOPATH IHC+,['Special Test']
911,HISTOPATH SAMPLE DR DIVYANSHU,['Special Test']
912,HISTOPATH SMALL ( ANITA BORGES),['Special Test']
913,HISTOPATHOLOGY(medium ),['Special Test']
914,HISTOPLASMA ANTIGEN (URINE) SRL,['Special Test']
915,HISTROPATH (large),['Special Test']
916,HIT PF 4 Antibody,['Special Test']
917,HIV ,['Serology']
918,HIV - I RNA Detection,['Special Test']
919,HIV BY CMIA METHOD,['Special Test']
920,HIV Combo,['Special Test']
921,HIV ELISA METHOD,['Special Test']
922,HIV I RNA Quantification (Viral Lo,['Special Test']
923,HIV PCR,['Special Test']
924,HIV TEST,['Serology']
925,HIV Viral Load,['Special Test']
926,HIV by CMI Method 4th Generation,['Special Test']
927,HLA-B27,['Special Test']
928,HMPV+COVID 19+H1N1+H3N2,['Special Test']
929,HOLTER MONITOR,['Equipment Charges']
930,HPV,['Special Test']
931,HRCT - Chest,['Ct Scan']
932,HRCT - Chest (P & C),['Ct Scan']
933,HRCT - PNS (Plain & Contrast),['Ct Scan']
934,HRCT - PNS (Plain),['Ct Scan']
935,HRCT Chest Plain & Contrast,['Ct Scan']
936,HRCT PNS(Axial+Coronal),['Ct Scan']
937,HRCT Screeing,['Ct Scan']
938,HRCT Temporal Bone,['Ct Scan']
939,HS TROP I,['Special Test']
940,HSV (Herpes Simplex Virus) IGG,['Special Test']
941,HSV (Herpes Simplex Virus) IGM,['Special Test']
942,HSV I and 2 DNA detection by Real Ti,['Special Test']
943,HSV PCR,['Special Test']
944,HSV PCR (TISSUE),['Special Test']
945,HSV-1 IgG & IgM,['Special Test']
946,HUMERUS AP,['XRay']
947,HYDROCEL,['Procedure Charges']
948,HYDROCELE,['Surgery Charges']
949,HYDROCELE OF CORD ( SR. NO. 973),['Procedure Charges']
950,HYSTECTOMY LEVEL I WITH BSO LAP.,['Procedure Charges' 'Surgery Charges']
951,HYSTERECTOMY WITH PELVIC FLOOR REPAIR,['Surgery Charges']
952,Haemorrhoidectomy + Fissurectomy with Sphincterotomy,['Surgery Charges']
953,Haemorrhoidectomy+Fissurectomy,['Surgery Charges']
954,Hand,['Ultrasonography']
955,Hand AP,['XRay']
956,Hand plain,['Ct Scan']
957,Harmonic,['OT Consumables' 'Equipment Charges']
958,Harmonic + Bipolar,['Equipment Charges']
959,Hb Electrophoresis ( HPLC Method),['Special Test']
960,HbCAg Total,['Special Test']
961,Heart Lung Pack,['OT Consumables']
962,Hemo Fillter,['OT Consumables']
963,Hemoconcentrator Kit,['OT Consumables']
964,Hepatitis A IGM,['Special Test']
965,Hepatitis B Antibody,['Special Test']
966,Hepatitis B Core Antibody IGM,['Special Test']
967,Hepatitis B Core Antibody Total,['Special Test']
968,Hepatitis B Core Antigen (Anti HBV Total) ,['Special Test']
969,Hepatitis E IgM,['Special Test']
970,"Hepatitis Profile, complete",['Special Test']
971,Herpes Zoster - IgG,['Special Test']
972,Herpes Zoster - IgM,['Special Test']
973,High Flo Oxygen,['Medical Gases']
974,High Risk Charges,['Cardiac Procedure ']
975,Hip Ap,['XRay']
976,Hip Replacement,['Procedure Charges']
977,Histopath Extra Large,['Special Test']
978,Histopath biopsy sample,['Special Test']
979,Histopath review (Anita Borges Lab),['Histopathology']
980,Histopath sample (Dr.Anita Borges),['Special Test']
981,Holmium YAG Stone lithotripsy,['Surgery Charges']
982,Homocystein,['Special Test']
983,Humerous Ap/Lat,['XRay']
984,I & D,['Procedure Charges']
985,I V P,['Ct Scan']
986,I V U S CATHETER,['Implant Charges' 'Cathlab Consumables']
987,I V U S MACHINE ,['Equipment Charges']
988,I V U S PROCEDURE CHARGES,['Procedure Charges']
989,IABP BALLOON,['Implant Charges']
990,IABP MACHINE,['Equipment Charges']
991,ICD CATHETERIZATION,['Procedure Charges']
992,ICD DRAIN CYTOLOGY (CELL BLOCK),['Special Test']
993,ICD DRAIN FOR GENE XPERT,['Special Test']
994,ICD PLACEMENT,['Surgery Charges']
995,ICD Placement ,['Procedure Charges']
996,ICD REMOVAL,['Procedure Charges']
997,ICG Fluorescence Image System,['Procedure Charges']
998,ICG MACHINE,['Equipment Charges']
999,IG-IMRT,['Radiotherapy']
1000,IGF 1(INSULIN LIKE GROWTH FACTOR),['Special Test']
1001,IGG 4 LEVEL,['Special Test']
1002,IGG INDEX CSF / SERUM,['Clinical Pathology']
1003,IGHV MUTATION (METRO),['Special Test']
1004,IGM ANTIBODY MUMPS,['Special Test']
1005,IGVH MUTATION,['Special Test']
1006,IHA for Amoebiasis,['Special Test']
1007,IHC,['Special Test']
1008,IHC Review,['Special Test']
1009,IL 6,['Special Test']
1010,ILEOCOLONOSCOPY,['Surgery Charges']
1011,IMMUNOFIXATION ELECTROPHORESIS,['Special Test']
1012,IMMUNOFIXATION-QUALITATIVE,['Special Test']
1013,IMMUNOFIXATION-QUANTITATIVE SE,['Special Test']
1014,IMMUNOTHETAPY,['Chemotherapy']
1015,IMPLANT CHARGES.,['IMPLANT.']
1016,IMPLANT REMOVAL,['Procedure Charges' 'Surgery Charges']
1017,IMPLANT REMOVAL OF LARGE BONES,['Orthopaedic Surgery']
1018,IMPLANT REMOVAL OF SPINE ,['Orthopaedic Surgery']
1019,IMRT ,['Radiotherapy']
1020,INCISION / VENTRAL HERNIORRAPHY,['Surgery Charges']
1021,INCISION AND DRAINAGE (I & D),['Surgery Charges']
1022,INCISIONAL HERNIOPLASTY,['Surgery Charges']
1023,INDIRECT COOMB TEST,['Special Test']
1024,INFLATION DEVICE,['Cathlab Consumables']
1025,INFUSION PUMP,['Procedure Charges']
1026,INGUINAL /FEMORAL HERNIOPLASTY -UNILATERAL,['Surgery Charges']
1027,INGUINAL HARNIOPLASTY (UNILATERAL),['General Surgery']
1028,INGUINAL/FEMORAL HERNIOPLASTY-B/L ,['Surgery Charges']
1029,INJECTION CHARGES,['Procedure Charges']
1030,INSTRUMENT CHARGES,['Instrument Charges']
1031,INTENSIVIST VISIT CHARGES,['IPD Visit Charges']
1032,INTERNAL FIXATION FRACTURES,['Surgery Charges']
1033,INTRA ORAL BIOPSY ,['Surgery Charges']
1034,INTUBATION CHARGES,['Procedure Charges']
1035,IONISED CALCIUM,['Special Test']
1036,IOS CATHETER,['Cathlab Consumables']
1037,IPD Specialist Emergency Visit,['IPD Visit Charges']
1038,IPD Specialist First Visit,['IPD Visit Charges']
1039,IPD Specialist Followup Visit,['IPD Visit Charges']
1040,IPD Super Specialist Emergency Visit,['IPD Visit Charges']
1041,IPD Super Specialist First Visit,['IPD Visit Charges']
1042,IPD Super Specialist Followup Visit,['IPD Visit Charges']
1043,IRON,['Special Test']
1044,IV CHARGES,['Procedure Charges']
1045,IVC FILTER,['Implant Charges']
1046,IVC FILTER INSERTION,['Procedure Charges']
1047,IVC FILTER PROCEDURE,['Surgery Charges']
1048,IVC FILTER REMOVAL KIT,['Cathlab Consumables']
1049,IVC FILTER RETRIVAL KIT,['Cathlab Consumables']
1050,IVL CATHETER,['Cathlab Consumables']
1051,IVU,['Ct Scan']
1052,IVUS ,['Procedure Charges']
1053,Icd Insertion,['Procedure Charges']
1054,IgA,['Special Test']
1055,IgE,['Special Test']
1056,IgG,['Special Test']
1057,IgM,['Special Test']
1058,Immature Platelet Fraction,['Special Test']
1059,Immunoglobulin profile serum,['Special Test']
1060,Implant charges,['Implant Charges']
1061,India Ink Preparation (CSF),['Special Test']
1062,Indian Ink,['Special Test']
1063,Inguinal Hernioplasty Bilateral + Cost Of Mesh,['Surgery Charges']
1064,"Insulin, Fasting",['Special Test']
1065,"Insulin, post prandial",['Special Test']
1066,Insuline Antibody,['Special Test']
1067,Interl wire fixation/plate fixation of Left Maxilla under GA,['Procedure Charges']
1068,Interl wire fixation/plate fixation of Right Maxilla under GA,['Procedure Charges']
1069,Internal urethrotomy -optical ,['Procedure Charges' 'Surgery Charges']
1070,Intra Articular Injection,['Procedure Charges']
1071,Intracavitory,['Brachytherapy']
1072,Intracranial Arterial And Venous Stenting,['Surgery Charges']
1073,Intrathecal Injection,['Procedure Charges']
1074,Intrinsic factor antibody,['Special Test']
1075,Iron Studies,['Special Test']
1076,J C VIRUS,['Special Test']
1077,JAK -2 Mutation,['Special Test']
1078,JAK 2 V617F MUTATION,['Special Test']
1079,JEJUNI-JEJANOSTOMY,['Surgery Charges']
1080,JOINT MEETING,['IPD Visit Charges']
1081,JUDE AURTIC VALVE,['Implant Charges']
1082,Jejunostomy,['Surgery Charges']
1083,K WIRE,['Implant Charges']
1084,KI 67 BLOCK,['Special Test']
1085,KIDNEY BIOPSY,['Procedure Charges']
1086,KIT MUTATION STUDIES ON BLOCK,['Special Test']
1087,KNEE,['Ultrasonography']
1088,KOH mount,['Special Test']
1089,KUB,['XRay' 'Ultrasonography']
1090,KUB Plain,['Ct Scan']
1091,KUB Plain + Contrast,['Ct Scan']
1092,Knee Ap,['XRay']
1093,Knee Ap / Lat,['XRay']
1094,Knee Arthrotomy,['Orthopaedic Surgery']
1095,Knee Aspiration,['Procedure Charges']
1096,Knee Plain,['Ct Scan']
1097,Kras + Nras + Braf,['Special Test']
1098,L S Spine,['M R I']
1099,L.S Spine With Screening,['M R I']
1100,LAP APPENDECTOMY ,['Procedure Charges']
1101,LAP CHOLESYSTECTOMY,['Surgery Charges']
1102,LAP INSTRUMENT,['Instrument Charges']
1103,LAP STAGING,['Surgery Charges']
1104,LAP Score,['Special Test']
1105,LAP. CHOLECYSTECTOMY,['General Surgery']
1106,LAP. INSTRUMENT,['Instrument Charges']
1107,LAPAROSCOPY OPERATIVE,['Surgery Charges']
1108,LAPAROSCOPY THERAPEUTIC / EXPLORATORY ,['Surgery Charges']
1109,LAPAROTOMY,['Surgery Charges']
1110,LAPROSCOPY,['Procedure Charges']
1111,LAPROSCOPY SURGERY,['Surgery Charges']
1112,LASER CHARGES,['Equipment Charges']
1113,LAVH,['Surgery Charges']
1114,LBC+HPVDNA (PAP SMEAR),['Special Test']
1115,LDH,['Biochemistry']
1116,LEFT & RIGHT FOREARM AP & LAT,['XRay']
1117,LEFT ANKLE AP/LATERAL,['XRay']
1118,LEFT CLAVICLE AP,['XRay']
1119,LEFT ELBOW,['M R I']
1120,LEFT ELBOW AP/LATERAL,['XRay']
1121,LEFT FEMUR & KNEE AP/LATERAL,['XRay']
1122,LEFT FEMUR &HIP AP/LATERAL,['XRay']
1123,LEFT FINGER AP/LATEARL,['XRay']
1124,LEFT FOOT,['Ct Scan']
1125,LEFT FOOT AP/OBLIQUE,['XRay']
1126,LEFT FOREARM & WRIST AP/LAT,['XRay']
1127,LEFT FOREARM AP/LATERAL,['XRay']
1128,LEFT HAND AP/LAT,['XRay']
1129,LEFT HAND AP/OBLIQUE,['XRay']
1130,LEFT HIP AP/LAT,['XRay']
1131,LEFT HIP WITH KNEE,['XRay']
1132,LEFT LEG AP,['XRay']
1133,LEFT LEG AP/LATERAL,['XRay']
1134,LEFT SHOULDER AP/LAT,['XRay']
1135,LEFT SHOULDER AXILA,['XRay']
1136,LEFT SHOULDER SPINE CERVICAL ,['M R I']
1137,LEFT THUMB AP/LATERAL,['XRay']
1138,LEFT WRIST AP/LATERAL,['XRay']
1139,LEMINECTOMY,['Procedure Charges' 'Surgery Charges']
1140,LENS,['Implant Charges']
1141,LENS ,['Surgery Charges']
1142,LEPTO IGM ELISA,['Special Test']
1143,LEVAL 9,['Surgery Charges']
1144,LEVEL 1.,['Orthopaedic Surgery' 'General Surgery' 'UROLOGY AND  NEPHROLOGY']
1145,LEVEL 2,['Surgery Charges']
1146,LEVEL 2A,['Orthopaedic Surgery' 'Oncology' 'Surgery Charges']
1147,LEVEL 2A.,['UROLOGY AND  NEPHROLOGY']
1148,LEVEL 4,['Plastic Surgery ' 'ENT Surgery']
1149,LEVEL 4 A.,['OBSTETRICS & GYNE']
1150,LEVEL 4A,['General Surgery']
1151,LEVEL 5.,['NeuroSurgery']
1152,LEVEL 6,['Surgery Charges']
1153,LEVEL 6.,['Oncology']
1154,LFT,['Biochemistry']
1155,LH,['Special Test']
1156,LIP REPAIR,['Procedure Charges']
1157,LIPASE,['Biochemistry']
1158,LIPID PROFILE,['Biochemistry']
1159,LIVER BIOPSY,['Procedure Charges']
1160,LIVER FUNCTION TEST,['Biochemistry']
1161,LIVER OBSENCE DRINAGE (AEROBIC CULTURE),['Special Test']
1162,LIVER OBSENCE DRINAGE (ANAEROBIC CULTURE),['Special Test']
1163,LKM Antibody,['Special Test']
1164,LOCAL PARTS,['Ultrasonography']
1165,LOW AND FISTULECTOMY,['Surgery Charges']
1166,LPA I & II LINE ,['Special Test']
1167,LT ELBOW AP,['XRay']
1168,LUMBAR GLOBAL FIXATION ,['Orthopaedic Surgery']
1169,LUMBER PUNCTURE (LP),['Procedure Charges']
1170,"LUMBER SPINE + WHOLE SPINE SCREENING, BRAIN SCREENING",['M R I']
1171,LUMBER SPINE AP/LAT,['XRay']
1172,LUPUS ANTI COAGULANT,['Special Test']
1173,Lactate,['Special Test']
1174,Laminectomy / Disectomy,['Procedure Charges' 'Surgery Charges']
1175,Lap Appendectomy,['Surgery Charges']
1176,Lap Umblical Hernioplasty,['Surgery Charges']
1177,Lap. Cholecystectomy,['Procedure Charges']
1178,Laparoscopic Retroperitoneal Node Dissection,['Surgery Charges']
1179,Laparoscopic Umblical Hernioplasty,['Surgery Charges']
1180,Laparoscopic ventral hernia repair ,['Surgery Charges']
1181,Laparoscopy Diagnostic,['Surgery Charges']
1182,Laparotomy For Staging,['Surgery Charges']
1183,Laparotomy for staging,['Surgery Charges']
1184,Large Wound Debridement,['Surgery Charges']
1185,Laryngoscopy,['Procedure Charges']
1186,Lead Level,['Special Test']
1187,Left Ankle,['M R I']
1188,Left Ankle Lat,['XRay']
1189,Left Ankle Mortise,['XRay']
1190,Left Foot Lateral,['XRay']
1191,Left Hand Lat,['XRay']
1192,Left Hip Ap,['XRay']
1193,Left Hip Plain,['Ct Scan']
1194,Left Hip with femur AP,['XRay']
1195,Left KNEE AP/LATERAL,['XRay']
1196,Left Knee Steroid Procedure,['Procedure Charges']
1197,Left Scaphoid,['XRay']
1198,Left Shoulder AP,['XRay']
1199,Left Thigh plain with Contrast,['M R I']
1200,Lepto IgG,['Serology']
1201,Lepto IgG / IgM,['Serology']
1202,Lepto IgM - Quantitative,['Special Test']
1203,Lepto by PCR Method,['Special Test']
1204,Leptospira IgG / IgM,['Serology']
1205,Leptospira IgM,['Serology']
1206,Level 1,"['General Surgery' 'Orthopaedic Surgery' 'ENT Surgery' 'Opthalmology'
 'Oncology' 'Paediatric Surgery ' 'Surgery Charges']"
1207,Level 1.,['Oncology']
1208,Level 2,['General Surgery' 'Oncology']
1209,Level 2.,"['General Surgery' 'Orthopaedic Surgery' 'UROLOGY AND  NEPHROLOGY'
 'Oncology' 'VASCULAR SURGERY']"
1210,Level 2A,"['General Surgery' 'Orthopaedic Surgery' 'ENT Surgery'
 'UROLOGY AND  NEPHROLOGY' 'Oncology']"
1211,Level 2A.,['Orthopaedic Surgery' 'ENT Surgery' 'General Surgery' 'NeuroSurgery']
1212,Level 3,"['General Surgery' 'Orthopaedic Surgery' 'ENT Surgery'
 'UROLOGY AND  NEPHROLOGY' 'NeuroSurgery' 'OBSTETRICS & GYNE' 'Oncology'
 'Plastic Surgery ' 'VASCULAR SURGERY']"
1213,Level 3.,"['Orthopaedic Surgery' 'UROLOGY AND  NEPHROLOGY' 'OBSTETRICS & GYNE'
 'Oncology' 'Plastic Surgery ' 'Surgery Charges']"
1214,Level 4,"['General Surgery' 'Orthopaedic Surgery' 'UROLOGY AND  NEPHROLOGY'
 'NeuroSurgery' 'OBSTETRICS & GYNE' 'Oncology']"
1215,Level 4 .,['General Surgery']
1216,Level 4.,"['Orthopaedic Surgery' 'Oncology' 'Surgery Charges'
 'UROLOGY AND  NEPHROLOGY']"
1217,Level 4A,"['General Surgery' 'Orthopaedic Surgery' 'UROLOGY AND  NEPHROLOGY'
 'NeuroSurgery' 'Oncology' 'Plastic Surgery ']"
1218,Level 4A.,"['Orthopaedic Surgery' 'UROLOGY AND  NEPHROLOGY' 'Oncology'
 'Surgery Charges']"
1219,Level 5,"['General Surgery' 'UROLOGY AND  NEPHROLOGY' 'NeuroSurgery' 'Oncology'
 'Orthopaedic Surgery']"
1220,Level 5.,['General Surgery' 'Orthopaedic Surgery' 'Surgery Charges']
1221,Level 6,['Orthopaedic Surgery' 'Oncology']
1222,Level 6 .,['ENT Surgery']
1223,Level 6.,"['General Surgery' 'UROLOGY AND  NEPHROLOGY' 'Orthopaedic Surgery'
 'NeuroSurgery']"
1224,Level 7,['Orthopaedic Surgery' 'Oncology' 'Surgery Charges']
1225,Level 7.,['Orthopaedic Surgery' 'Oncology']
1226,Level 8,['Oncology' 'Orthopaedic Surgery']
1227,Level 8 .,['Surgery Charges']
1228,Level 8.,['Cardiology' 'Oncology']
1229,Level 9.,['Oncology']
1230,Lifetech (stent & balloon ),['Stent & Balloon Charges']
1231,Ligation Of Bleeding Heamoridal Vessels With Anal Dilutation,['General Surgery']
1232,Lipoprotein (a),['Special Test']
1233,Liver with Contrast,['M R I']
1234,Long Sheath Fubuki 80 cm,['Surgery Charges']
1235,Lower Limb Arterial Doppler,['Ultrasonography']
1236,Lower Limb Venous Doppler,['Ultrasonography']
1237,Lt - DJ Stent ,['Surgery Charges']
1238,Lt Leg With Ankle,['XRay']
1239,Lumbar Flex/ Exten,['XRay']
1240,Lumber Spine AP,['XRay']
1241,Lumber Spine Ext / Flex,['XRay']
1242,Lumber Spine LAT,['XRay']
1243,Lumber Spine Plain,['Ct Scan']
1244,Lutetium therapy,['Procedure Charges']
1245,MACH 1tm CATHETER ,['Stent & Balloon Charges']
1246,MAGNESIUM,['Biochemistry']
1247,MALARIAL PARASITE (SMEAR),['Haematology']
1248,MANDIBLE AP,['XRay']
1249,MANTOUX,['Haematology']
1250,MANUAL PLATELET COUNT,['Haematology']
1251,MANUAL PLATELET COUNT (SRL),['Haematology']
1252,MASTOIDECTOMY,['Surgery Charges']
1253,MASTOIDECTOMY & TYMPANOPLASTY,['Procedure Charges' 'Surgery Charges']
1254,MASTOIDECTOMY & TYMPANOPLASTY INCLUDING OSSICULOPLASTY,['Surgery Charges']
1255,"MDS PANEL (59,79,TRISOMY 8) CYTOGENIC METHOD",['Special Test']
1256,MDS PANEL FISH METHOD,['Special Test']
1257,ME RES 100 STENT,['Stent & Balloon Charges']
1258,MEATOPLASTY,['Surgery Charges']
1259,MENISECTOMY,['Procedure Charges']
1260,MESH CHARGES,['Implant Charges']
1261,METH HAEMOGLOBIN,['Special Test']
1262,MGIT drug susceptibility Panel (13 drugs),['Special Test']
1263,MICRO CATHETER,['Cathlab Consumables']
1264,MICROALBUMIN URINE SPOT,['Special Test']
1265,MICROSATELITE INASTABILITY (MSI) OR MMR PROTEIN ,['Special Test']
1266,MINIMAL RESIDVAL DISEASE,['Special Test']
1267,MOG Panel,['Special Test']
1268,"MPN REFLEX PANEL 1 (V617, EXON 12, CAL-R, MPL)",['Special Test']
1269,MRCP,['M R I']
1270,MRCP ABDOMINAL PLAIN + CONTRAST,['M R I']
1271,MRI ABDOMEN PLAIN + CONTRAST,['M R I']
1272,MRI Angio Without Contrast,['M R I']
1273,MRI BRAIN DTI,['M R I']
1274,MRI BRAIN PLAIN,['M R I']
1275,MRI BRAIN WITH CERVICAL SPINE,['M R I']
1276,MRI BRAIN Without Contrast,['M R I']
1277,MRI Brain Plain With Angio Sos Contrast,['M R I']
1278,MRI Brain plain with screening of the whole spine,['M R I']
1279,MRI CARDIAC,['M R I']
1280,MRI CERVICAL SPINE WITH SCREENING OF THE WHOLE SPINE ,['M R I']
1281,MRI Cervical Spine Without Contrast,['M R I']
1282,MRI Chest (Plain & Contrast),['M R I']
1283,MRI DORSAL LUMBER SPINE,['M R I']
1284,MRI DORSAL SPINE WITH SCRENING WHOLE SPINE,['M R I']
1285,MRI Dual Chamber Pacemaker,['Implant Charges']
1286,MRI FISTULOGRAM,['M R I']
1287,MRI HIP ,['M R I']
1288,MRI HIP JOINTS,['M R I']
1289,MRI KNEE TO ANKLE + ANGIO LEFT LEG,['M R I']
1290,MRI LEFT KNEE,['M R I']
1291,MRI LEFT LITLE FINDGER (P + C TRIPHASIC SCAN),['M R I']
1292,MRI LEFT SHOULDER,['M R I']
1293,MRI LEFT THUMB,['M R I']
1294,MRI NECK PLAIN,['M R I']
1295,MRI PBH,['M R I']
1296,MRI PELVIS (P+C),['M R I']
1297,MRI PERIANAL REGION,['M R I']
1298,MRI PNS PLAIN + CONTRAST,['M R I']
1299,MRI Perinal Region,['M R I']
1300,MRI RIGHT KNEE,['M R I']
1301,MRI RIGHT LEG,['M R I']
1302,MRI SHOULDER,['M R I']
1303,MRI SPINE,['M R I']
1304,MRI SPINE SCREENING WITHOUT CONTRAST,['M R I']
1305,MRI SPINE WITH SCREENING,['M R I']
1306,MRI scrotum + contrast,['M R I']
1307,MSI,['Special Test']
1308,MSI & MMR TEST ON HPR BLOCK,['Special Test']
1309,MTHFR GEN MUTATION,['Special Test']
1310,MTHFR Mutations,['Special Test']
1311,MUSTANG  BALLOON,['Stent & Balloon Charges']
1312,MYCOBACTERIAL C/S,['Special Test']
1313,MYCOBSETRIAL DRUGS SUSCEPTIBILITY,['Special Test']
1314,MYOMECTOMY ,['Surgery Charges']
1315,Madiastinal lymph node dissection,['Surgery Charges']
1316,Major Chemo,['Chemotherapy']
1317,Major Dressing + Plaster,['Procedure Charges']
1318,Major OT- 2 to 4 Hrs,['Surgery Charges']
1319,Major OT- Less Than 2 Hrs,['Surgery Charges']
1320,Major OT- More Than 4 Hrs,['Surgery Charges']
1321,Malaria Antigen,['Haematology']
1322,Malignant cells,['Special Test']
1323,Mandibulectomy - Hemi / Marginal,['Surgery Charges']
1324,Meatotomy,['Procedure Charges']
1325,Meatotomy ,['Surgery Charges']
1326,Medicines,['Pharmacy']
1327,Megaprosthesis,['Procedure Charges']
1328,Meningitis Panel (Biofire Panel),['Special Test']
1329,Menisectomy,['Orthopaedic Surgery' 'Surgery Charges']
1330,Menisecus Repair,['Surgery Charges']
1331,"Metanephrine, (24 hrs.Urine)",['Special Test']
1332,Micro Laryngoscopy /laser Excision Chordectomy,['Surgery Charges']
1333,Micro Protein,['Biochemistry']
1334,Microlaryngeal Surgery,['Surgery Charges']
1335,Microlaryngeal surgeries for cysts and polyps,['Surgery Charges']
1336,Minor Chemo,['Chemotherapy']
1337,Minor OT,['Surgery Charges']
1338,Miscellaneous Charges,['Miscellaneous Charges']
1339,Modified Barium Swallow,['Procedure Charges']
1340,Modified Radical Mastectomy,['Surgery Charges']
1341,Modified Radical Neck Dissection,['Surgery Charges']
1342,Moleculer studies,['Special Test']
1343,Mould Charges,['Consumables']
1344,Mould Room charges,['Palliative (6-11)' 'Palliative (5 or less)']
1345,Mri Angiography with Contrast,['M R I']
1346,Mri Cervical spine with left brachial tlexus protocal,['M R I']
1347,Mri Pelvis Plain,['M R I']
1348,Mri head or Brain with Contrast,['M R I']
1349,Mri mammography,['M R I']
1350,Multiple drugs,['Chemotherapy']
1351,Mylogram,['Ct Scan']
1352,Myringotomy with Grommet insertion,['Procedure Charges' 'Surgery Charges']
1353,NAILING,['Surgery Charges']
1354,NASAL BONE LAT,['XRay']
1355,NASAL ENDOSCOPY,['Procedure Charges']
1356,NAVIGATION,['OT Consumables']
1357,NCV,['Procedure Charges']
1358,NEBULISETION,['Procedure Charges']
1359,NECK,['Ultrasonography']
1360,NECK AP/LATERAL VIEW,['XRay']
1361,NECK LAT.,['XRay']
1362,NECROSTOMY ,['Procedure Charges']
1363,NEPHRECTOMY,['Surgery Charges']
1364,NEPHROSTOMY,['Surgery Charges']
1365,NET TESTED PCV ,['Blood Charges']
1366,NEUROLYSIS,['Surgery Charges']
1367,NGS MYLOID V2GX ASSAY,['Special Test']
1368,NGS PANEL,['Special Test']
1369,NMDA Receptor Antibody,['Special Test']
1370,NMO+MOG Antibody Panel,['Special Test']
1371,NT-proBNP2,['Biochemistry']
1372,Nailing With Bone Grafting,['Procedure Charges']
1373,Nasal Packing,['Procedure Charges']
1374,Neck & Chest (P & C),['Ct Scan']
1375,Neck (Plain and Contrast),['Ct Scan']
1376,Neck (Plain),['Ct Scan']
1377,Neck Angiography,['Ct Scan']
1378,Neck Chest Abdo & Pelvis,['Ct Scan']
1379,Neck doppler,['Ultrasonography']
1380,Neopterin Urine,['Special Test']
1381,Nephrectomy Radical,['Surgery Charges']
1382,Nephrosstomy- Lap/ Endoscopic,['Surgery Charges']
1383,Nephrostomy -Lap/Endoscopic ,['Procedure Charges']
1384,Nephrostomy -OPEN,['Procedure Charges']
1385,Nephroureterectomy open,['Surgery Charges']
1386,Nursing care charges,['Nursing Charges']
1387,OBLIQUE,['XRay']
1388,OCT CATHETER,['Equipment Charges']
1389,OCT Procedure,['Procedure Charges']
1390,OCT Procedure Charges,['Cardiology']
1391,OCTOPUS CHARGES,['Equipment Charges']
1392,OGD SCOPY,['Procedure Charges' 'Surgery Charges']
1393,OGD SCOPY + BANDING,['Procedure Charges']
1394,OGD SCOPY + BIOPSY,['Procedure Charges']
1395,OGD SCOPY + BIOPSY + RT INSERTION,['Procedure Charges']
1396,OGD SCOPY + COLONSCOPY,['Procedure Charges']
1397,OGD SCOPY + RT INSERTION,['Procedure Charges']
1398,ONYX,['Stent & Balloon Charges']
1399,OPEN CHOLESYSTECTOMY,['Surgery Charges']
1400,OPEN REDUCTION & INTERNAL FIXATION OF FRACTURE DISLOCATION ,['Surgery Charges']
1401,OPEN REDUCTION - DISLOCATION MINOR,['Procedure Charges']
1402,OPEN REDUCTION AND INRTERNAL FIXATION FRACTURE OF RT.WHRIST,['Procedure Charges']
1403,OPEN REDUCTION AND INTERNAL FIAXATION FRACTURE OF SINGLE BORN FOREAM/WRIST ,['General Surgery']
1404,OPG,['XRay']
1405,ORBITOTOMY,['Surgery Charges']
1406,ORBITS,['XRay']
1407,ORIF,['Orthopaedic Surgery']
1408,ORIF FRACTURE OF BOTH BONES FOREARM,['Surgery Charges']
1409,ORIF OF HUMERUS,['Orthopaedic Surgery']
1410,ORIF OF SINGLE BONE FOREARM/WRIST,['Surgery Charges']
1411,ORIF WITH PLATING,['Orthopaedic Surgery']
1412,ORTHO-ALIGN,['Implant Charges']
1413,OSOPHAGEAL STRICTURE DILATATION,['Surgery Charges']
1414,OT CHARGE,['Surgery Charges']
1415,OT CHARGES,['Orthopaedic Surgery']
1416,OT Charges,['NeuroSurgery']
1417,OT Consumables,['OT Consumables']
1418,OTOPLASTY,['Surgery Charges']
1419,OVARIAN CYSTECTOMY  LAP,['Surgery Charges']
1420,OXYGENTER,['OT Consumables']
1421,Oesophagectomy,['Surgery Charges']
1422,Oesophago Gastrectomy for mid 1/3 lesion,['Surgery Charges']
1423,Oligoclonal band by IEF CSF,['Special Test']
1424,Open Reduction and Internal Fixation of Elbow,['Surgery Charges']
1425,Open Reduction and Internal Fixation of Humerous,['Surgery Charges']
1426,Open Reduction and Internal Fixation of Shoulder,['Surgery Charges']
1427,Open Reduction of fracture of Long Bones of upper Limb -Left,['Procedure Charges']
1428,Open Reduction of fracture of Long Bones of upper Limb Right,['Procedure Charges']
1429,Open Reduction offracture of Long Bones of Upper / Lower Limb -iling & Exterl Fixation,['Procedure Charges']
1430,Open reduction and internal flaxation fracture of single bone foream/wrist,['Surgery Charges']
1431,Operation Theatre Charges - Level 1,"['General Surgery' 'ENT Surgery' 'Opthalmology' 'Oncology'
 'Paediatric Surgery ']"
1432,Operation Theatre Charges - Level 2,['General Surgery' 'Orthopaedic Surgery' 'Oncology']
1433,Operation Theatre Charges - Level 2A,"['General Surgery' 'Orthopaedic Surgery' 'ENT Surgery'
 'UROLOGY AND  NEPHROLOGY' 'Oncology']"
1434,Operation Theatre Charges - Level 3,"['General Surgery' 'Orthopaedic Surgery' 'ENT Surgery'
 'UROLOGY AND  NEPHROLOGY' 'NeuroSurgery' 'OBSTETRICS & GYNE' 'Oncology'
 'Plastic Surgery ']"
1435,Operation Theatre Charges - Level 4,"['General Surgery' 'Orthopaedic Surgery' 'UROLOGY AND  NEPHROLOGY'
 'NeuroSurgery' 'OBSTETRICS & GYNE' 'Oncology']"
1436,Operation Theatre Charges - Level 4A,"['General Surgery' 'Orthopaedic Surgery' 'UROLOGY AND  NEPHROLOGY'
 'Oncology']"
1437,Operation Theatre Charges - Level 5,['General Surgery' 'UROLOGY AND  NEPHROLOGY' 'NeuroSurgery' 'Oncology']
1438,Operation Theatre Charges - Level 6,['Orthopaedic Surgery' 'Oncology']
1439,Operation Theatre Charges - Level 7,['Orthopaedic Surgery' 'Oncology']
1440,Operation Theatre Charges - Level 8,['Oncology' 'Orthopaedic Surgery']
1441,Optical Excel Trocar,['OT Consumables']
1442,Orbit (Plain and Contrast),['M R I']
1443,Orbits (plain),['Ct Scan']
1444,Orfit 3 Clamp HN ,['Consumables']
1445,Orfit 3 Clamp HN (OX),['Consumables']
1446,Orfit 4 Clamp HN,['Consumables']
1447,Orif of Tibia Distal,['General Surgery']
1448,"Osmolality - Osmolarity, serum",['Special Test']
1449,"Osmolality - Osmolarity, urine",['Special Test']
1450,Ossciuloplasty,['Procedure Charges']
1451,Oxygen Charges,['Medical Gases']
1452,P.N.S (WATERS & CALDWELLS),['XRay']
1453,P.N.S WATERS,['XRay']
1454,P.P.BLOOD GLUCOSE,['Biochemistry']
1455,P.S. for Cystocytes,['Special Test']
1456,P1NP,['Special Test']
1457,P24 Antigen,['Special Test']
1458,PACEMAKER IMPLANT,['Implant Charges']
1459,PAP SMEAR,['Histopathology' 'Procedure Charges']
1460,PARTIAL AMPUTATION OF THE PENIS ,['Surgery Charges']
1461,PBH AP,['XRay']
1462,PBH AP LAT,['XRay']
1463,PBH AP PORTABLE,['XRay']
1464,PC Covid Safety Charges,['Miscellaneous Charges']
1465,PCL RECONSTRUCTION,['Surgery Charges']
1466,PCL Reconstruction,['Procedure Charges']
1467,PCN,['Procedure Charges']
1468,PCN CATHETER ,['Cathlab Consumables']
1469,PCN INSERTIONS,['Procedure Charges']
1470,PCNL - Unilateral,['Surgery Charges']
1471,PCNL - Unilateral ,['Procedure Charges']
1472,PCR for Herpes,['Special Test']
1473,PDA DEVICE ,['Cathlab Consumables']
1474,PDL 1 BY SP263,['Special Test']
1475,PDL-1,['Special Test']
1476,PDL1 BY 22C3,['Special Test']
1477,PEG TUBE INSERATION ,['Surgery Charges']
1478,PELVIS BOTH + LS SPINE,['M R I']
1479,PERIANAL ABCESS,['Procedure Charges' 'Surgery Charges']
1480,PERIANAL ABSCESS,['Surgery Charges']
1481,PERIANAL REGION,['Ct Scan']
1482,PERICARDIAL TAPPING,['Procedure Charges']
1483,PERIPHERAL ATERY/VEINS Colour Doppler,['Ultrasonography']
1484,PERIPHERAL BLOOD FLOW CYTOMETRY,['Special Test']
1485,PERITONSILLAR ABSCESS DRAINAGE,['Surgery Charges']
1486,PERM CATHETER INSERTION,['Procedure Charges']
1487,PFT,['Procedure Charges']
1488,PFT TEST,['Cardiology']
1489,PHACO MACHIN,['Instrument Charges']
1490,PICC LINE INSERTION,['Procedure Charges']
1491,PIGTAIL DRAINAGE,['Procedure Charges']
1492,PIGTAIL INSERTION,['Procedure Charges']
1493,PILES BANDING,['Surgery Charges']
1494,PILONIDAL SINUS,['Surgery Charges']
1495,PITUITARY( PLAIN+ CONTRAST+DYNAMIC SCAN),['M R I']
1496,PLASMA DIALYSIS,['Dialysis Charges']
1497,PLATELET COUNT,['Haematology']
1498,PLEURAL TAPPING CHARGES,['Procedure Charges']
1499,PLURODESIS,['Procedure Charges']
1500,PMMC,['Procedure Charges']
1501,PNH BY FLOW CYTOMETRY,['Special Test']
1502,"PNH Panel (CDSS, CDSg)",['Special Test']
1503,PNH by FLAER,['Special Test']
1504,PNH by Flaer Method,['Special Test']
1505,PNS (PLAIN),['Ct Scan']
1506,POP SLAB,['Procedure Charges']
1507,PORTAL VENUS DOPPLER,['Ultrasonography']
1508,POWER PICC CATHETER,['Cathlab Consumables']
1509,PPE KIT,['Consumables']
1510,PRA LEVEL,['Special Test']
1511,PROCALCITONIN,['Biochemistry']
1512,PROGESTERON,['Special Test']
1513,PROLACTINE,['Special Test']
1514,PROSTAT REMOVAL - HOLMIM,['Surgery Charges']
1515,PROSTATE  BIOPSY,['Surgery Charges']
1516,PROSTATE REMOVAL,['Surgery Charges']
1517,PROTHROMBIN TIME,['Biochemistry']
1518,PS SMEAR FOR SCISTOCYTES,['Special Test']
1519,PSA,['Biochemistry']
1520,PSA (Free),['Special Test']
1521,PSMA PET SCAN,['PET Scan']
1522,PTBD,['Procedure Charges']
1523,PTH,['Special Test']
1524,PULMONARY FUNCTION TEST,['Procedure Charges']
1525,PUNCH BIOPSY,['Procedure Charges']
1526,PUS C/S,['Special Test']
1527,PUS FOR GENEXPERT,['Special Test']
1528,PUS R/M,['Special Test']
1529,PVA PARTICAL,['Cathlab Consumables']
1530,Pacemaker Evaluation,['Cardiac Procedure ']
1531,Palliative (5 or less),['Radiotherapy']
1532,Palliative (6 to 11),['Radiotherapy']
1533,Palliative Radiotherapy,['Radiotherapy']
1534,"Parietal Cell Antibody, Total",['Special Test']
1535,Pelvic lymph node disection,['Surgery Charges']
1536,Pelvis,['Ultrasonography' 'Ct Scan']
1537,Pelvis with TVS,['Ultrasonography']
1538,Pericardial Tapping,['Cardiac Procedure ']
1539,Perimetry,['Procedure Charges']
1540,Perineal Urethrostomy,['Surgery Charges']
1541,Peripheral Angiography,['Procedure Charges' 'Ct Scan']
1542,Peripheral Angioplasty,['Procedure Charges' 'Cardiac Procedure ']
1543,Peripheral Smear Study,['Haematology']
1544,Peripheral Thrombolysis,['Procedure Charges']
1545,PermCath Removal,['Procedure Charges']
1546,Permanent Pacemaker,['Procedure Charges']
1547,Permanent Pacemaker Implantation,['Cardiac Procedure ' 'Surgery Charges']
1548,Pet Base Planning,['PET Scan']
1549,Pet Scan,['PET Scan']
1550,Philadephilia,['Special Test']
1551,Phlebotomy,['Blood Charges']
1552,Phonosurgery,['Surgery Charges']
1553,Physiotherapist First Visit ,['IPD Visit Charges']
1554,Physiotherapist Followup Visit,['IPD Visit Charges']
1555,Physiotherapist Visit,['IPD Visit Charges']
1556,Pigtail,['Ct Scan']
1557,Piped Oxygen,['Procedure Charges' 'Medical Gases']
1558,Planning Charges,['Palliative (6-11)' 'Palliative (5 or less)']
1559,Plasma Transfusion,['Procedure Charges']
1560,Plastering Charges,['Procedure Charges']
1561,Pleuerodorsis,['Procedure Charges']
1562,Pleurodesis,['Procedure Charges']
1563,Polypectomy,['Procedure Charges']
1564,Portable Doppler,['Ultrasonography']
1565,Portable Sonography,['Ultrasonography']
1566,Post lutetium therapy scan ,['Procedure Charges']
1567,Preanesthetic assessment,['IPD Visit Charges']
1568,Preoperative Prophylactic Tumor Embolization,['Surgery Charges']
1569,Preputioplasty,['Procedure Charges']
1570,Procedure Charges,['Procedure Charges']
1571,Professional Fees,['Procedure Charges']
1572,Prostate,['Ultrasonography']
1573,Prostatectomy Redical ,['Surgery Charges']
1574,Prostratr p+c with Spectro,['M R I']
1575,Protein Electrophoresis,['Special Test']
1576,Proximal Femur Nail (PFN),['Orthopaedic Surgery']
1577,Pseudo Cholinesterase,['Special Test']
1578,Psychiatrist Counseling  ,['Procedure Charges']
1579,Pulmonary Angiography,['Ct Scan']
1580,Pus For AFB,['Special Test']
1581,Pyogenic C/S,['Special Test']
1582,Quadra Polar & Deca polar catheter,['Cathlab Consumables']
1583,R.T.FEEDING CHARGES,['Procedure Charges']
1584,RA TEST,['Serology']
1585,RADIO FREQUENCY ABLATOR MACHINE,['Equipment Charges']
1586,RANDOM BLOOD GLUCOSE,['Biochemistry']
1587,RBC FOLATE,['Special Test']
1588,RDP CHARGES,['Blood Charges']
1589,RE-EXPLORATION,['Surgery Charges']
1590,RECTAL BIOPSY ,['Surgery Charges']
1591,RECTUM ANTERIOR RESECTION ,['Surgery Charges']
1592,REMOVAL OF PLATES,['Surgery Charges']
1593,RENAL  BIPOSY,['Surgery Charges']
1594,RENAL ANGIOGRAPHY,['Procedure Charges']
1595,RENAL DOPPLER,['Ultrasonography']
1596,RENAL FUNCTION TEST,['Biochemistry']
1597,REPOSITIONING OF DJ STENT,['Procedure Charges']
1598,RESPIRATORY VIRAL MULTIPLEX MDX24,['Special Test']
1599,RF Ablation ,['Cardiac Procedure ']
1600,RGU( retrograde urethrogram),['Surgery Charges']
1601,RIBS LOWER AP/OBLIQUE,['XRay']
1602,RIGHT ANKLE AP/LATERAL,['XRay']
1603,RIGHT ANKLE LAT,['XRay']
1604,RIGHT CLAVICLE AP,['XRay']
1605,RIGHT ELBOW ,['M R I']
1606,RIGHT ELBOW AP/LATERAL,['XRay']
1607,RIGHT FEMUR & KNEE AP/LATERAL,['XRay']
1608,RIGHT FEMUR &HIP AP/LATERAL,['XRay']
1609,RIGHT FEMUR AP/LATERAL,['XRay']
1610,RIGHT FINGER AP/LATEARL,['XRay']
1611,RIGHT FOOT AP/OBLIQUE,['XRay']
1612,RIGHT FOREARM & ELBOW AP/LATERAL,['XRay']
1613,RIGHT FOREARM & WRIST AP/LAT,['XRay']
1614,RIGHT FOREARM AP/LATERAL,['XRay']
1615,RIGHT Foot Ap/Lat,['XRay']
1616,RIGHT HAND AP/LAT,['XRay']
1617,RIGHT HAND AP/OBLIQUE,['XRay']
1618,RIGHT HIP AP/LAT,['XRay']
1619,RIGHT ILIAC VENOPLASTY,['Surgery Charges']
1620,RIGHT KNEE AP ,['XRay']
1621,RIGHT LEG AP,['XRay']
1622,RIGHT LEG AP/LATERAL,['XRay']
1623,RIGHT PROXIMAL FEMORAL REPLACEMENT LEVEL IV,['Oncology']
1624,RIGHT SHOULDER AP/LAT,['XRay']
1625,RIGHT SHOULDER AXILA,['XRay']
1626,RIGHT THUMB AP/LATERAL,['XRay']
1627,RIGHT WRIST AP/LATERAL,['XRay']
1628,RIVAARA- FUNGAL PCR,['Special Test']
1629,ROBOT & CONSUMABLE ,['Procedure Charges']
1630,ROJ-1,['Special Test']
1631,ROS (ON CELL BLOCK),['Special Test']
1632,ROTA WIRE,['Cathlab Consumables']
1633,ROTAREX DRIVE SYSTEM,['Equipment Charges']
1634,ROUTINE C/S,['Microbiology']
1635,RT/PCR FOR BCR/ABL QUANTITATIVE,['Special Test']
1636,Ra Factor Quantitative,['Serology']
1637,Radial Sheath,['Cathlab Consumables']
1638,Rapid Biofire (MENINGO ENCEPHALITIS Panel),['Special Test']
1639,Reduction of Dislocation in GA,['Surgery Charges']
1640,Reduction of Paraphimosis,['Surgery Charges']
1641,Registration Charges,['Registration Charges' 'Procedure Charges']
1642,Removal of Plates/IL,['Procedure Charges']
1643,Removal of Wires ,['Surgery Charges']
1644,Removal of Wires and Screw,['Surgery Charges']
1645,Renal Angiography,['Ct Scan']
1646,Renal Biopsy,['Procedure Charges']
1647,Renal Calculi For Analysis (Biochemical),['Special Test']
1648,Renal Function Test,['Biochemistry']
1649,Renin Activity,['Special Test']
1650,Resection and Anastomosis of Small Intenstine,['Procedure Charges']
1651,Reservation Charges,['Blood Charges']
1652,Resolute Onyx,['Stent & Balloon Charges']
1653,Retic Count,['Special Test']
1654,Retrograde Intrarenal Surgery (RIRS),['Surgery Charges']
1655,Review and conclusion,['Palliative (6-11)']
1656,Right Ankle Mortise,['XRay']
1657,Right Elbow Ap,['XRay']
1658,Right Foot Lateral,['XRay']
1659,Right Hand AP,['XRay']
1660,Right Hip with Femur AP/LAT,['XRay']
1661,Right KNEE AP/LATERAL,['XRay']
1662,Right KNEE SKYLINE,['XRay']
1663,Right Knee Steroid Procedure,['Procedure Charges']
1664,Right Leg With Contrast,['M R I']
1665,Right Shoulder Joint Manupulation,['Procedure Charges']
1666,Right Wrist Lat,['XRay']
1667,Rigid Siginidoscopy,['Surgery Charges']
1668,Robotic ,['Surgery Charges']
1669,Rotablation,['Cardiac Procedure ']
1670,Rounding Off,['Rounding Off']
1671,Rouxen-Y-Anastomosis,['Procedure Charges']
1672,Rt -Dj Stent ,['Surgery Charges']
1673,Ryles Tube Insertion ,['Procedure Charges']
1674,S. ALBUMIN,['Biochemistry']
1675,S.ALKALINE PHOSPHATASE,['Biochemistry']
1676,S.AMYLASE,['Biochemistry']
1677,S.BILIRUBIN,['Biochemistry']
1678,SAL PACKING ANTERIOR,['Procedure Charges']
1679,SCALING,['Dental']
1680,SCAPHOID FRACTURE FIXATION,['Surgery Charges']
1681,SCLEROTHERAPHY,['Surgery Charges']
1682,SCLEROTHERAPY,['Surgery Charges']
1683,SCOPE,['OT Consumables']
1684,SCOPY,['Procedure Charges']
1685,SCREENING,['Ultrasonography']
1686,SCROTUM (TESTES),['Ultrasonography']
1687,SDP CHARGE,['Blood Charges']
1688,SEPSIS + AMR,['Special Test']
1689,SEPSIS BY NEXT GENERATION SEQUENCING,['Special Test']
1690,SEPTIC QUICK (RIVARA),['Special Test']
1691,SEPTOPLASTY,['Procedure Charges']
1692,SERUM  LACTATE DEHYDROGENASE (LDH) ,['Biochemistry']
1693,SERUM BILE ACID,['Special Test']
1694,SERUM CALCITONIN,['Special Test']
1695,SERUM CALCIUM,['Biochemistry']
1696,SERUM CERULOPLASMIN,['Special Test']
1697,SERUM CHLORIDE ,['Biochemistry']
1698,SERUM CHOLESTEROL,['Biochemistry']
1699,SERUM CREATININE,['Biochemistry']
1700,SERUM ELECTROLYTES,['Biochemistry']
1701,SERUM HEPTAGLOBIN,['Special Test']
1702,SERUM KETONE,['Special Test']
1703,SERUM METHOTREXATE Level ,['Special Test']
1704,SERUM PHOSPHROUS,['Biochemistry']
1705,SERUM POTASSIUM  ,['Biochemistry']
1706,SERUM PROCALCITONIN,['Biochemistry']
1707,SERUM SGOT,['Biochemistry']
1708,SERUM SGPT,['Biochemistry']
1709,SERUM SODIUM,['Biochemistry']
1710,SERUM URIC ACID,['Biochemistry']
1711,SGD Dialatation,['Procedure Charges']
1712,SHOULDER -ARTHROSCOPY BANKART REPAIR ,['Orthopaedic Surgery']
1713,SHOULDER ARTNSCOPY OPEN SUB ACROMIAL DECOMPRESSION,['Surgery Charges']
1714,SHOULDER SWELLING,['Ultrasonography']
1715,SHUTTLE TIBIAL GUIDING SHEATH,['Cathlab Consumables']
1716,SI JOINT ,['M R I']
1717,SIGMOIDOSCOPY,['Procedure Charges']
1718,SINGLE DRUG CHEMOTHERAPHY,['Chemotherapy']
1719,SKULL AP,['XRay']
1720,SKULL AP/LAT,['XRay']
1721,SKULL LAT,['XRay']
1722,SLA (Soluble Liver Antigen),['Special Test']
1723,SLEEP STUDY,['Procedure Charges']
1724,SLIDE FOR CYTOLOGY,['Special Test']
1725,SMA - 13,['Biochemistry']
1726,SMA Genetic Test,['Special Test']
1727,SMALL BOWEL RESECTION,['Surgery Charges']
1728,SOFT TISSUE OPERATION ON JOINTS -SMALL,['Surgery Charges']
1729,SONOGRAPHY ABDOMEN- PELVIS,['Ultrasonography']
1730,SONOGRAPHY NECK,['Ultrasonography']
1731,SPHINCTEROTOME,['OT Consumables']
1732,SPHINCTEROTOMY,['Surgery Charges']
1733,SPRINTHOTOMY WITH LASER,['Procedure Charges']
1734,SPUTAM FOR ANAROBIC C/S,['Special Test']
1735,SPUTUM - R,['Special Test']
1736,SPUTUM AFB,['Special Test']
1737,SPUTUM C/S,['Special Test']
1738,SR.BETA 2 MICROGLOBULIN(QUQANT,['Special Test']
1739,SSEP,['Procedure Charges']
1740,STABILIZATION OF CERVICAL SPINE,['Orthopaedic Surgery']
1741,STAPLER CHARGES,['Equipment Charges']
1742,STENT Charges - Cruz ,['Stent & Balloon Charges']
1743,STOMA BAG,['Procedure Charges']
1744,STOMA CLEANING,['Procedure Charges']
1745,STONE LITHOTRIPSY OF BLADDER STONE ,['Surgery Charges']
1746,STOOL C/S,['Special Test']
1747,STOOL EXAMINATION,['Haematology']
1748,STOOL FOR HANGING DROP PREPARATION,['Haematology']
1749,STOOL OCCULT BLOOD,['Haematology']
1750,STRESS TEST,['Cardiology']
1751,SURGEON CHARGES,['Surgery Charges']
1752,SURGEON FEES,['Surgery Charges']
1753,SURGICAL LEVEL FOR LYMPHA,['Surgery Charges']
1754,SWAB C/S,['Special Test']
1755,SYRINGE PUMP,['Procedure Charges']
1756,Saag reaction,['Special Test']
1757,Sacrum Ap/ Lat,['XRay']
1758,Scanogram,['Ct Scan']
1759,Sclerotherapy Needle,['Instrument Charges']
1760,Screening OF Brain,['M R I']
1761,Screening of Abdomen,['Ct Scan']
1762,Screening of Brachial Plexus,['M R I']
1763,Screening of whole spine nd barin screening &spine Dorsolumbar,['M R I']
1764,Scrotum Doppler,['Ultrasonography']
1765,Scrub Typhus Test IGM,['Special Test']
1766,Scrub Typhus Test IGM / IGG,['Special Test']
1767,Segmental resection of breast,['Surgery Charges']
1768,Sepsis 2 (by pcr method) ,['Special Test']
1769,Septoplasty,['Surgery Charges']
1770,Septoplasty + FEES,['Procedure Charges']
1771,Serum Alchohol,['Special Test']
1772,Serum Electrophoresis,['Special Test']
1773,Serum For Myoglobin,['Special Test']
1774,Serum Fructosomine,['Special Test']
1775,Serum Gastrin level,['Special Test']
1776,Serum Transferrin(TSAT),['Special Test']
1777,Serum-ascites albumin gradient( S.A.A.G),['Special Test']
1778,Shoulder Ap,['XRay']
1779,Shoulder Arthroscopy/ bankart repair /rotator cuff repair ,['Orthopaedic Surgery']
1780,Shoulder Arthroscopy/ open-sub Acrominal Decompression,['Orthopaedic Surgery']
1781,Sickling Test,['Special Test']
1782,Simulation Charges,['Palliative (6-11)' 'Palliative (5 or less)']
1783,Skeletal Reconstruction (h & n),['Surgery Charges']
1784,Skeletal Reconstruction (h & n) ,['Surgery Charges']
1785,Small Parts,['Ultrasonography']
1786,Soft Tissue Operation on JOINTS -LARGE,['Procedure Charges']
1787,Soft Tissue Wide Excision + Reconstruction (TMHBS039A) ,['Surgery Charges']
1788,Sono Mammography (Bilateral),['Ultrasonography']
1789,Sono Mammography(Unilateral),['Ultrasonography']
1790,Specialist Consultation Charges,['IPD Visit Charges']
1791,Specific IgE For Aspergillosis,['Special Test']
1792,Speech Therapy,['Procedure Charges']
1793,Spine Screening without contrast,['M R I']
1794,Splenectomy ,['Surgery Charges']
1795,Sputum AFB Culture By MGIT,['Special Test']
1796,Sputum Cytology,['Special Test']
1797,Sputum For AFB 1st day,['Special Test']
1798,Sputum For AFB 2nd day,['Special Test']
1799,Sputum For AFB 3rd day,['Special Test']
1800,Sputum Staining for PCP (Pneumocystis Pneumonia),['Special Test']
1801,Sputum for AFB C/S,['Special Test']
1802,Sputum for Maligant Cells,['Special Test']
1803,Sr. Haptoglobin,['Special Test']
1804,Sr. NMO,['Special Test']
1805,Stent Charges,['Stent & Balloon Charges']
1806,Stent Charges   ---- ABSORB BVS,['Stent & Balloon Charges']
1807,Stent Charges   ---- PRONOVA,['Stent & Balloon Charges']
1808,Stent Charges   ---- REIVAS,['Stent & Balloon Charges']
1809,Stent Charges   ---- XIENCE XPEDITION,['Stent & Balloon Charges']
1810,Stent Charges  -- Crusade ,['Cathlab Consumables']
1811,Stent Charges  -- Cruz ,['Cathlab Consumables']
1812,Stent Charges  -- X-PRIME,['Stent & Balloon Charges']
1813,Stent Charges  --- XIENCE ALPINE,['Stent & Balloon Charges']
1814,Stent Charges  --- XIENCE PRIME,['Stent & Balloon Charges']
1815,Stent Charges  --- XIENCE Sierra,['Stent & Balloon Charges']
1816,Stent Charges  --- XIENCE V,['Stent & Balloon Charges']
1817,Stent Charges Excluding Package,['Stent & Balloon Charges']
1818,Stent charge,['OT Consumables']
1819,Steroid Procedure,['Procedure Charges']
1820,Stone for Biochemical Analysis,['Special Test']
1821,Stool For Clostridium Defficile,['Special Test']
1822,Stool for GDH,['Special Test']
1823,Stool for opputunistic infection,['Special Test']
1824,Stress Echo Exercise,['Cardiology']
1825,Super Specialist Consultation Charges  ,['IPD Visit Charges']
1826,Suprapublic drainage,['Surgery Charges']
1827,Surcharge Charge,['Surcharge Charge']
1828,Surgeon Charges,['General Surgery']
1829,Surgeon Charges - Grade I,['Surgery Charges']
1830,Surgeon Charges - Grade II,['Surgery Charges']
1831,Surgeon Charges - Grade III,['Surgery Charges']
1832,Surgeon Charges - Grade IV,['Surgery Charges']
1833,Surgeon Charges - Grade V,['Surgery Charges']
1834,Surgeon Charges - Grade V (Double Ureters),['Surgery Charges']
1835,Surgeon Charges - Grade VI,['Surgery Charges']
1836,Surgeon Fees (Lap Chol),['Surgery Charges']
1837,Surgeon Fees - Level 1,"['General Surgery' 'ENT Surgery' 'Opthalmology' 'Oncology'
 'Paediatric Surgery ']"
1838,Surgeon Fees - Level 2,['General Surgery' 'Orthopaedic Surgery' 'Oncology']
1839,Surgeon Fees - Level 2A,['General Surgery' 'ENT Surgery' 'UROLOGY AND  NEPHROLOGY' 'Oncology']
1840,Surgeon Fees - Level 3,"['General Surgery' 'Orthopaedic Surgery' 'ENT Surgery'
 'UROLOGY AND  NEPHROLOGY' 'NeuroSurgery' 'OBSTETRICS & GYNE' 'Oncology'
 'Plastic Surgery ']"
1841,Surgeon Fees - Level 4,"['General Surgery' 'Orthopaedic Surgery' 'UROLOGY AND  NEPHROLOGY'
 'NeuroSurgery' 'OBSTETRICS & GYNE' 'Oncology']"
1842,Surgeon Fees - Level 4A,"['General Surgery' 'Orthopaedic Surgery' 'UROLOGY AND  NEPHROLOGY'
 'Oncology']"
1843,Surgeon Fees - Level 5,['General Surgery' 'UROLOGY AND  NEPHROLOGY' 'NeuroSurgery' 'Oncology']
1844,Surgeon Fees - Level 6,['Orthopaedic Surgery' 'Oncology']
1845,Surgeon Fees - Level 7,['Orthopaedic Surgery' 'Oncology']
1846,Surgeon Fees - Level 8,['Oncology' 'Orthopaedic Surgery']
1847,Surgeon fees (Bariatric Surgery),['Surgery Charges']
1848,Suture Removal,['Procedure Charges']
1849,Suturing ,['Procedure Charges']
1850,Sx- Repair Of Anastomtic Leak and Rif loop Ileostomy,['Procedure Charges']
1851,T3,['Special Test']
1852,T3T4TSH,['Special Test']
1853,T4,['Special Test']
1854,TAH + BSO + ADHESIOLYSIS (open),['Surgery Charges']
1855,TAH + BSO + ADHESIOLYSIS(LAP),['Procedure Charges']
1856,TAH+BSO+PelvicLymphadenectomy+Para-aortic,['Surgery Charges']
1857,TAH+BSQ+ADHESIOLYSIS(LAP),['Surgery Charges']
1858,TB ( GOLD),['Special Test']
1859,TB - PCR,['Special Test']
1860,TB Culture & Sensitivity,['Special Test']
1861,TB GENE EXPERT,['Special Test']
1862,TB GENEXPERT- RIVAARA,['Special Test']
1863,TB MGIT,['Special Test']
1864,TB MGIT (Tissue sample),['Special Test']
1865,TB PCR,['Special Test']
1866,TBNA,['Procedure Charges']
1867,TDM Level of Dalantin,['Special Test']
1868,TDM Level of Phenobarbitone ,['Special Test']
1869,TEMPERARY PACEMAKER,['Procedure Charges' 'Equipment Charges']
1870,TEMPORARY PACEMAKAR CHARGES,['Procedure Charges']
1871,TENDON REPAIR,['Orthopaedic Surgery']
1872,THROMBECTOMY,['Procedure Charges']
1873,THROMBOTIC PROFILE,['Special Test']
1874,THYROID GLAND,['Ultrasonography']
1875,TIBC,['Special Test']
1876,TIBIA AP,['XRay']
1877,TIBIA FIBULA AP/LAT,['XRay']
1878,TIBIA FRACTURE PROXIMAL /MIDDLE /ORIF,['Orthopaedic Surgery']
1879,TIBIA FRACTURE PROXIMAL BICONDYLAR,['Surgery Charges']
1880,TIP C/S ,['Special Test']
1881,TIP C/S (ICD),['Special Test']
1882,TIP LENGTH,['OT Consumables']
1883,TIP LENGTH ,['Cathlab Consumables']
1884,TISSUE FOR C/S,['Special Test']
1885,TOE AP/LATERAL,['XRay']
1886,TOTAL KNEE REPLACEMENT (BILATERAL) ,['Procedure Charges']
1887,TOTAL KNEE REPLACEMENT (UNILATERAL),['Procedure Charges']
1888,TOTAL KNEE REPLACEMENT -B/L ,['Surgery Charges']
1889,TOTAL KNEE REPLACEMENT -U/L,['Surgery Charges']
1890,TOTAL PROTEIN,['Biochemistry']
1891,TOXOPLASMA IgG,['Special Test']
1892,TPO,['Special Test']
1893,TRACHEA TUBE FOR C/S,['Special Test']
1894,TRACTION CHARGES,['Equipment Charges']
1895,TRANSECTAL ULTRASOUND (TRUS) GUIDED PROSTATE BIOPSY,['Surgery Charges']
1896,TRANSURETHRAL RESECTION OF PROSTATE,['Surgery Charges']
1897,TRIGLYCERIDES,['Biochemistry']
1898,TROPONIN - I (QUANTITATIVE),['Special Test']
1899,TROPONIN I,['Biochemistry']
1900,TROPONIN T Quantitative,['Special Test']
1901,TRUCUT NEEDLE BIOPSY,['Procedure Charges']
1902,TRUS BIOPSY,['Procedure Charges']
1903,TSH,['Biochemistry']
1904,TSH Receptor Antibody,['Special Test']
1905,TURBINECTOMY,['Surgery Charges']
1906,TURBT,['Surgery Charges']
1907,TURP,['Surgery Charges']
1908,TURS,['Surgery Charges']
1909,TYMPANOPLASTY,['Surgery Charges']
1910,Tacro Levels,['Special Test']
1911,Tacrolimus level,['Special Test']
1912,Tapping Charges,['Procedure Charges']
1913,Targeted Theraphy,['Chemotherapy']
1914,Temparary Lead,['Procedure Charges']
1915,Temporary Pacemaker,['Cardiac Procedure ']
1916,Temporary Pacemaker ,['Surgery Charges']
1917,Temporary Pacemaker Lead ,['Cathlab Consumables']
1918,Tendon Reconstrucation ,['Orthopaedic Surgery']
1919,Tension Band Wiring,['Surgery Charges']
1920,Tension Band Wirings,['Procedure Charges']
1921,Testosterone,['Special Test']
1922,Testosterone (Free),['Special Test']
1923,Thalasaemia,['Special Test']
1924,Therapeutic Ascitic Tapping,['Procedure Charges']
1925,Therapeutic OGD Scopy,['Procedure Charges']
1926,Therapeutic Pleural Tapping,['Procedure Charges']
1927,Thigh,['Ct Scan']
1928,Thoraco/ Lumber Anterior Interbody Fixation,['Surgery Charges']
1929,Thraot Swab C/S,['Special Test']
1930,Thrombectomy,['Cardiac Procedure ']
1931,Thrombolysis,['Procedure Charges']
1932,Thrombopenia Profile mini,['Special Test']
1933,Thromboster 7 F,['Cathlab Consumables']
1934,Thromboster Aspiration,['Procedure Charges']
1935,Thrombuster 6F,['Cathlab Consumables']
1936,Thyphoid IGG,['Serology']
1937,Thyphoid IGM,['Serology']
1938,Thyroglobulin,['Special Test']
1939,Thyroid Antibodies - AtAb,['Special Test']
1940,Thyroid Function Test,['Special Test']
1941,Tibial Plasty,['Procedure Charges']
1942,Tissue AFB Culture,['Special Test']
1943,Tissue AFB Smear,['Special Test']
1944,Tissue for AFB staining,['Special Test']
1945,Tissue transglutanminase Iga,['Special Test']
1946,Tonsillectomy,['Procedure Charges' 'Surgery Charges']
1947,Tonsillectomy / Adenoidectomy,['Surgery Charges']
1948,Total  Esophagectomy,['Surgery Charges']
1949,Total Hip Replacement,['Surgery Charges']
1950,Total Knee Joint Replacement,['Procedure Charges']
1951,Trachea Secretion,['Special Test']
1952,Tracheostomy,['Procedure Charges' 'Surgery Charges']
1953,Tracheostomy + RT Insertion,['Procedure Charges']
1954,Tracheostomy Decannulation,['Procedure Charges']
1955,Tracheostomy Tube Change,['Procedure Charges']
1956,Tracheostomy removal,['Procedure Charges']
1957,Tracker,['OT Consumables' 'Equipment Charges' 'Implant Charges']
1958,Tracor Optical  12 mm,['Equipment Charges']
1959,Traction Charges,['Procedure Charges']
1960,Trans Urethral resection of bladder tumor,['Procedure Charges']
1961,Transferrin,['Special Test']
1962,Transurethral Resection of Prostate (TURP),['Procedure Charges']
1963,Treatment charges,['Palliative (6-11)' 'Palliative (5 or less)']
1964,Triple Test,['Special Test']
1965,Trocar,['Implant Charges']
1966,Trocar Axon,['Equipment Charges']
1967,Troponin-T,['Biochemistry']
1968,Tuberculosis ( MTB) - Comprehe,['Special Test']
1969,Twis Drill Craniostomy ,['Surgery Charges']
1970,Tympanoplasty,['Procedure Charges']
1971,Tympanotomy ,['Surgery Charges']
1972,Typhi dot Igm,['Special Test']
1973,ULTRASOUND GUIDED PERCUTANEOUS NEPHROSTOMY ,['Surgery Charges']
1974,UMBILICAL HERNIA,['Surgery Charges']
1975,UPPER GI SCOPY,['Procedure Charges']
1976,URETERIC STENTING,['Surgery Charges']
1977,URETHRAL DILATATION,['Surgery Charges']
1978,URETHREL DIALATION WITH FOLEYS CATHETERASION,['Procedure Charges']
1979,URETHROGRAM,['XRay']
1980,URINARY MICROALBUMIN / CREATININE RATIO,['Special Test']
1981,URINE  Albumin,['Biochemistry']
1982,URINE ALB. CREAT RATIO,['Special Test']
1983,URINE ANALYSIS,['Haematology']
1984,URINE C/S,['Special Test']
1985,URINE CALCIUM (SPOT),['Special Test']
1986,URINE CHLORIDE SPOT,['Special Test']
1987,URINE ELECTROLYTE (SPOT),['Special Test']
1988,URINE FOR BENCE JONES PROTEIN,['Special Test']
1989,URINE FOR COPPER,['Special Test']
1990,URINE FOR GENE XPERT MTB RIF URINE AFB ZN STATINING,['Special Test']
1991,URINE FOR MTB C/S,['Special Test']
1992,URINE FOR PREGNANCY TEST,['Haematology']
1993,URINE FOR SUGAR & KETONES,['Haematology']
1994,URINE KETONE BODIES,['Haematology']
1995,URINE MAGNISIUM SPOT,['Special Test']
1996,URINE PROTEIN (SPOT SAMPLE),['Biochemistry']
1997,URINE PROTEIN CREAT RATIO,['Special Test']
1998,URINE PROTEIN CREATININE RATIO,['Special Test']
1999,URINE SODIUM,['Biochemistry']
2000,URINE TOXIN SCREENING  ,['Special Test']
2001,URS,['Procedure Charges']
2002,URS+HOLMIUM LASER LITHOTRIPSY ,['Surgery Charges']
2003,URS/ Theapeutic,['Surgery Charges']
2004,USG -Left hand,['Ultrasonography']
2005,USG Ascitic Tapping,['Ultrasonography']
2006,USG Ascitic Tapping B/L ,['Ultrasonography']
2007,USG B/L THIGH AND GRION,['Ultrasonography']
2008,USG BOTH LEG,['Ultrasonography']
2009,USG GUIDED CLIP PLACEMENT,['Ultrasonography']
2010,USG GUIDED TAPPING,['Procedure Charges']
2011,USG Guided Biopsy,['Ultrasonography']
2012,USG Guided Procedure,['Ultrasonography']
2013,USG Guided Therapeutic Tapping,['Ultrasonography']
2014,USG Lt Ankle,['Ultrasonography']
2015,USG OF RIGHT LEG,['Ultrasonography']
2016,USG PLEURAL TAPPING,['Ultrasonography']
2017,USG THIGH,['Ultrasonography']
2018,USG-TRUS,['Ultrasonography']
2019,Ugt1a1,['Special Test']
2020,UmblicalHernioplasty,['Surgery Charges']
2021,Upper Arterial Doppler,['Ultrasonography']
2022,Upper Venous Doppler,['Ultrasonography']
2023,Ureteric Catheterisation,['Surgery Charges']
2024,Ureteroscopic Surgery,['Procedure Charges']
2025,Ureteroscopy ,['Surgery Charges']
2026,Ureteroscopy (urs),['Surgery Charges']
2027,Urethral Dilation,['Procedure Charges' 'Surgery Charges']
2028,Urethroscopy,['Procedure Charges' 'Surgery Charges']
2029,Urethroscopy/ Cystopanendoscop,['Procedure Charges' 'Surgery Charges']
2030,Urine AFB Smear (1st Day),['Special Test']
2031,Urine AFB Smear (2nd Day),['Special Test']
2032,Urine AFB Smear (3rd Day),['Special Test']
2033,Urine Analysis,['Clinical Pathology']
2034,Urine Calcium Creatinine Ratio,['Special Test']
2035,Urine Cytology,['Special Test']
2036,Urine For Benedict,['Special Test']
2037,Urine For Myoglobin,['Special Test']
2038,Urine For Sodium,['Biochemistry']
2039,Urine Microalbumin,['Biochemistry']
2040,Urine Spot Sodium,['Special Test']
2041,Urine Spot Uric Acid,['Special Test']
2042,Urine Spot creatinine,['Special Test']
2043,Urine for Drug Screening 11 Panel,['Special Test']
2044,Urine for alkaptonuria (Homogentisic ,['Special Test']
2045,Urine for pH,['Special Test']
2046,Urine for sugar,['Special Test']
2047,Urine for toxin A & B,['Special Test']
2048,Urine potasium,['Special Test']
2049,Urine(spot) Protein/Creatinine ratio,['Special Test']
2050,Urography,['Ct Scan']
2051,Urs ( Ureteroscopic Surgery) ,['Surgery Charges']
2052,Usg Guided Aspiration ,['Ultrasonography']
2053,Usg Guided Aspiration + TApping,['Ultrasonography']
2054,Usg Guided FNAC,['Ultrasonography']
2055,Usg Right Hand,['Ultrasonography']
2056,Usg guided Supra Pubic Catheterization,['Procedure Charges']
2057,V LOC 90 NON ABS-2,['Equipment Charges']
2058,V.D.R.L.,['Serology']
2059,VAC APPLICATION,['Procedure Charges']
2060,VAC APPLICATION ,['Equipment Charges']
2061,VAC MACHINE,['Procedure Charges' 'Equipment Charges']
2062,VAC REMOVAL,['Procedure Charges']
2063,VALVE CATHETER,['Cathlab Consumables']
2064,VALVE CHARGES,['Implant Charges']
2065,VALVE REPLACEMENT,['Surgery Charges']
2066,VANOPLASTY ,['Procedure Charges']
2067,VARICOSE VEINS,['Procedure Charges' 'Surgery Charges']
2068,VBG,['Biochemistry']
2069,VENASEAL ,['Cathlab Consumables']
2070,VENOPLASTY,['Procedure Charges']
2071,VEP,['Procedure Charges']
2072,VERTIBLE PLASTY,['Procedure Charges']
2073,VGKC Antibody,['Special Test']
2074,VITAMIN  D,['Special Test']
2075,VON WILLEBRAND FACTOR,['Special Test']
2076,VSD CLOSURE,['Procedure Charges']
2077,VSD DEVICE,['Cathlab Consumables']
2078,VZV  (PCR) ,['Special Test']
2079,Vac dressing,['Procedure Charges']
2080,Valproic Acid,['Special Test']
2081,Varicose Veins Laser Ablation,['Procedure Charges']
2082,Venogram,['Ct Scan']
2083,Venography of BOTH lower limb CONTRAST,['M R I']
2084,Venous Doppler,['Ultrasonography']
2085,Ventilator,['Medical Gases']
2086,Ventral Incisional  Hernia Repair,['Procedure Charges']
2087,Ventricular Tapping,['Surgery Charges']
2088,Vericous Veins,['Procedure Charges' 'Surgery Charges']
2089,Vertibal Colour Doppler study,['Ultrasonography']
2090,Vertigo Evaluation,['Procedure Charges']
2091,Video Laryngoscopy,['Procedure Charges']
2092,Viral Load HIV,['Special Test']
2093,Vit B12,['Special Test']
2094,Vit B2,['Special Test']
2095,Vit C,['Special Test']
2096,Vit D3,['Biochemistry']
2097,Vitamin D,['Biochemistry']
2098,"Vitamin D-1,25-Dihydroxy",['Special Test']
2099,WALLGRAFT STENT ,['Stent & Balloon Charges']
2100,WIDAL (SLIDE TEST),['Serology']
2101,WIDAL (TUBE METHOD),['Serology']
2102,WOUND C/S,['Special Test']
2103,WOUND WASH,['Procedure Charges']
2104,Walk Test,['Procedure Charges']
2105,Warmer,['Equipment Charges']
2106,Western Blot,['Special Test']
2107,Whole Blood (PCV),['Blood Charges']
2108,Whole Body Scan,['Ct Scan']
2109,Wrist AP,['XRay']
2110,Wrist Swelling,['Ultrasonography']
2111,X-Ray PNS,['XRay']
2112,Y - Connector,['Cathlab Consumables']
2113,ZN - Staining,['Special Test']
2114,Zinc,['Special Test']
2115,biliary stent ,['Cathlab Consumables' 'Surgery Charges']
2116,bone grafting for non union of large bones ,['Surgery Charges']
2117,carotid stenting,['Surgery Charges']
2118,catheter removal,['Procedure Charges']
2119,cervical AP,['XRay']
2120,cervical biopsy,['Surgery Charges']
2121,cheek advancement,['Surgery Charges']
2122,colo rectal Anastomosis ,['Surgery Charges']
2123,cystoscopy + dj stenting,['Surgery Charges']
2124,cytology 8 -10 slides ,['Special Test']
2125,eGFR (ESTIMATED GLOMERULAR FILTRATION RATE),['Special Test']
2126,fiber,['OT Consumables']
2127,fissurectomy and fissure dilatation,['Surgery Charges']
2128,haemorrhoidectomy,['Surgery Charges']
2129,hormon chemotherapy,['Chemotherapy']
2130,implant / miscellaneous,['Procedure Charges']
2131,knee standing,['XRay']
2132,knife/punch/excision biopsy of tumour ,['Surgery Charges']
2133,laminectomy ,['Surgery Charges']
2134,lap hysterectomy,['Surgery Charges']
2135,left finger ap,['XRay']
2136,mcl reconstruction / repair,['Orthopaedic Surgery']
2137,micro debride blade,['Equipment Charges']
2138,mirena inseration,['OT Consumables']
2139,mri fistulagram ,['M R I']
2140,mri fistulagram plain with contrast,['M R I']
2141,mri prostate,['M R I']
2142,narrow band imging,['Surgery Charges']
2143,nephrostogram,['Surgery Charges']
2144,oct catheter,['Cathlab Consumables']
2145,open sub acromial decompression,['Surgery Charges']
2146,partial thyroidectomy,['Surgery Charges']
2147,permacath insertion,['Surgery Charges']
2148,permacath removal,['Surgery Charges']
2149,pigtail removal,['Procedure Charges']
2150,rotablator,['Cathlab Consumables']
2151,shoulder joint reduction,['Procedure Charges']
2152,single action stent introducer system,['Cathlab Consumables' 'Surgery Charges']
2153,sphinetrotome tripple lumane,['Cathlab Consumables' 'Surgery Charges']
2154,tracheoscopy,['Procedure Charges']
2155,varicella igg,['Special Test']
2156,whole spine screening,['M R I']
2157,wrist non union scaphoid,['M R I']
